product_id,base_lead_days,base_inventory_units,inventory_factor,initial_mean_daily_units,assumption_type
15036,5,350.0,0.75,66.59584664536742,SIMULATED: seven days initial mean sales times deterministic factor
17003,6,708.0,1.0,101.2076677316294,SIMULATED: seven days initial mean sales times deterministic factor
20725,7,482.0,1.25,55.094249201277954,SIMULATED: seven days initial mean sales times deterministic factor
21212,8,719.0,0.75,136.93130990415335,SIMULATED: seven days initial mean sales times deterministic factor
21213,9,395.0,1.0,56.47444089456869,SIMULATED: seven days initial mean sales times deterministic factor
21232,10,472.0,1.25,53.966453674121404,SIMULATED: seven days initial mean sales times deterministic factor
21977,11,419.0,0.75,79.82108626198082,SIMULATED: seven days initial mean sales times deterministic factor
21982,5,342.0,1.0,48.88658146964856,SIMULATED: seven days initial mean sales times deterministic factor
22178,6,449.0,1.25,51.319488817891376,SIMULATED: seven days initial mean sales times deterministic factor
22197,7,492.0,0.75,93.63258785942492,SIMULATED: seven days initial mean sales times deterministic factor
22386,8,341.0,1.0,48.646964856230035,SIMULATED: seven days initial mean sales times deterministic factor
84077,9,1223.0,1.25,139.7891373801917,SIMULATED: seven days initial mean sales times deterministic factor
84568,10,298.0,0.75,56.85143769968051,SIMULATED: seven days initial mean sales times deterministic factor
84755,11,413.0,1.0,58.9888178913738,SIMULATED: seven days initial mean sales times deterministic factor
84879,5,932.0,1.25,106.5591054313099,SIMULATED: seven days initial mean sales times deterministic factor
84991,6,406.0,0.75,77.40575079872204,SIMULATED: seven days initial mean sales times deterministic factor
84992,7,352.0,1.0,50.23003194888179,SIMULATED: seven days initial mean sales times deterministic factor
85099B,8,1093.0,1.25,124.95527156549521,SIMULATED: seven days initial mean sales times deterministic factor
85099F,9,265.0,0.75,50.53035143769968,SIMULATED: seven days initial mean sales times deterministic factor
85123A,10,939.0,1.0,134.1102236421725,SIMULATED: seven days initial mean sales times deterministic factor
