product_id,first_sale,last_sale,initial_units,active_days,recent_active_days,active_day_fraction,recent_active_day_fraction,eligible,description
84077,2009-12-01,2011-08-17,87508,383,56,0.6118210862619808,0.6222222222222222,True,WORLD WAR 2 GLIDERS ASSTD DESIGNS
21212,2009-12-01,2011-08-18,85719,500,75,0.7987220447284346,0.8333333333333334,True,PACK OF 72 RETROSPOT CAKE CASES
85123A,2009-12-01,2011-08-18,83953,507,76,0.8099041533546326,0.8444444444444444,True,WHITE HANGING HEART T-LIGHT HOLDER
85099B,2009-12-01,2011-08-18,78222,493,76,0.7875399361022364,0.8444444444444444,True,JUMBO BAG RED RETROSPOT
84879,2009-12-01,2011-08-18,66706,486,74,0.7763578274760383,0.8222222222222222,True,ASSORTED COLOUR BIRD ORNAMENT
17003,2009-12-01,2011-08-18,63356,244,39,0.38977635782747605,0.43333333333333335,True,BROCADE RING PURSE 
22197,2009-12-01,2011-08-18,58614,467,73,0.7460063897763578,0.8111111111111111,True,POPCORN HOLDER
21977,2009-12-01,2011-08-18,49968,475,68,0.7587859424920128,0.7555555555555555,True,PACK OF 60 PINK PAISLEY CAKE CASES
84991,2009-12-01,2011-08-18,48456,478,63,0.7635782747603834,0.7,True,60 TEATIME FAIRY CAKE CASES
15036,2009-12-01,2011-08-18,41689,366,66,0.5846645367412141,0.7333333333333333,True,ASSORTED COLOURS SILK FAN
84755,2009-12-01,2011-08-18,36927,418,69,0.6677316293929713,0.7666666666666667,True,COLOUR GLASS T-LIGHT HOLDER HANGING
84568,2009-12-01,2011-08-12,35589,183,31,0.29233226837060705,0.34444444444444444,True,GIRLS ALPHABET IRON ON PATCHES 
21213,2009-12-01,2011-08-18,35353,448,65,0.7156549520766773,0.7222222222222222,True,PACK OF 72 SKULL CAKE CASES
20725,2009-12-01,2011-08-18,34489,499,76,0.7971246006389776,0.8444444444444444,True,LUNCH BAG RED RETROSPOT
21232,2009-12-01,2011-08-18,33783,478,69,0.7635782747603834,0.7666666666666667,True,STRAWBERRY CERAMIC TRINKET BOX
22178,2009-12-01,2011-08-18,32126,468,70,0.7476038338658147,0.7777777777777778,True,VICTORIAN GLASS HANGING T-LIGHT
85099F,2009-12-01,2011-08-18,31632,464,70,0.7412140575079872,0.7777777777777778,True,JUMBO BAG STRAWBERRY
84992,2009-12-01,2011-08-18,31444,438,53,0.6996805111821086,0.5888888888888889,True,72 SWEETHEART FAIRY CAKE CASES
21982,2009-12-07,2011-08-17,30603,293,42,0.4680511182108626,0.4666666666666667,True,PACK OF 12 SUKI TISSUES 
22386,2010-01-29,2011-08-18,30453,445,74,0.7108626198083067,0.8222222222222222,True,JUMBO BAG PINK POLKADOT
