product_id,description,observed_units,average_daily_units,peak_7_day_units,active_days
84077,WORLD WAR 2 GLIDERS ASSTD DESIGNS,106330.0,144.07859078590786,7417.0,469.0
85099B,JUMBO BAG RED RETROSPOT,97335.0,131.890243902439,3019.0,588.0
21212,PACK OF 72 RETROSPOT CAKE CASES,94963.0,128.67615176151762,2872.0,593.0
85123A,WHITE HANGING HEART T-LIGHT HOLDER,94835.0,128.50271002710028,4032.0,602.0
22197,POPCORN HOLDER,88307.0,119.65718157181571,5708.0,562.0
84879,ASSORTED COLOUR BIRD ORNAMENT,80261.0,108.75474254742548,5861.0,581.0
17003,BROCADE RING PURSE ,70405.0,95.39972899728997,12758.0,301.0
21977,PACK OF 60 PINK PAISLEY CAKE CASES,56227.0,76.18834688346884,2868.0,564.0
84991,60 TEATIME FAIRY CAKE CASES,54205.0,73.44850948509485,2286.0,558.0
15036,ASSORTED COLOURS SILK FAN,44271.0,59.98780487804878,2421.0,432.0
84755,COLOUR GLASS T-LIGHT HOLDER HANGING,40571.0,54.97425474254742,1944.0,489.0
20725,LUNCH BAG RED RETROSPOT,40464.0,54.829268292682926,957.0,593.0
21213,PACK OF 72 SKULL CAKE CASES,40431.0,54.78455284552845,2115.0,537.0
22178,VICTORIAN GLASS HANGING T-LIGHT,40239.0,54.52439024390244,1857.0,559.0
22386,JUMBO BAG PINK POLKADOT,39456.0,53.46341463414634,1938.0,536.0
84568,GIRLS ALPHABET IRON ON PATCHES ,38475.0,52.13414634146341,4663.0,222.0
21232,STRAWBERRY CERAMIC TRINKET BOX,38063.0,51.575880758807585,1428.0,566.0
85099F,JUMBO BAG STRAWBERRY,37113.0,50.28861788617886,1402.0,552.0
84992,72 SWEETHEART FAIRY CAKE CASES,35126.0,47.59620596205962,2122.0,518.0
21982,PACK OF 12 SUKI TISSUES ,32539.0,44.09078590785908,11475.0,365.0
