product_id,model,mae,wape,signed_bias,percentage_bias,overprediction_units,underprediction_units,absolute_error_sum,actual_units,observations,description,baseline_wape,baseline_absolute_error,error_reduction_units,relative_wape_reduction_pct,share_of_model_absolute_error_pct,share_of_net_error_reduction_pct
15036,hw_weekly,25.501953119303153,133.4681658580352,12.379845414016728,64.79171431634923,530.3451794664783,183.70950787400994,714.0546873404883,535.0,28,ASSORTED COLOURS SILK FAN,100.37383177570094,537.0,-177.05468734048827,-32.971077717036934,1.853071116905583,-1.132395007500309
17003,hw_weekly,64.12355630800634,142.49679179556964,29.379171121979716,65.28704693773271,1309.038184019805,486.4213926043727,1795.4595766241775,1260.0,28,BROCADE RING PURSE ,93.01587301587301,1172.0,-623.4595766241775,-53.196209609571454,4.659467043631766,-3.9874827520933347
20725,hw_weekly,25.468628885464486,44.850415647358844,-0.5694274178005883,-1.0027652640513505,348.5888205472947,364.5327882457111,713.1216087930056,1590.0,28,LUNCH BAG RED RETROSPOT,102.26415094339623,1626.0,912.8783912069944,56.142582485055,1.850649648442734,5.838529034081791
21212,hw_weekly,49.053523675397685,73.37065507003928,30.652233669164925,45.84735805216976,1115.8806028238764,257.61806008725875,1373.4986629111352,1872.0,28,PACK OF 72 RETROSPOT CAKE CASES,72.00854700854701,1348.0,-25.49866291113517,-1.8915922040901478,3.5644198497298274,-0.16308271197008758
21213,hw_weekly,31.61825378887673,147.06164552965922,27.561342396088218,128.19229021436382,828.5143465895093,56.79675949903918,885.3111060885484,602.0,28,PACK OF 72 SKULL CAKE CASES,100.66445182724253,606.0,-279.3111060885484,-46.09094159877037,2.2975053161245476,-1.7864000486234692
21232,hw_weekly,48.17867619663929,76.82249051855923,-32.34168120510838,-51.5698789147514,221.71792988143264,1127.2850036244674,1349.0029335059,1756.0,28,STRAWBERRY CERAMIC TRINKET BOX,87.24373576309794,1532.0,182.99706649409995,11.944978230685361,3.5008500287439297,1.170400894762041
21977,hw_weekly,47.59887446030719,98.57755065744092,24.02725371960139,49.76058462639341,1002.7657945187202,330.0026903698813,1332.7684848886013,1352.0,28,PACK OF 60 PINK PAISLEY CAKE CASES,112.42603550295858,1520.0,187.23151511139872,12.317862836276234,3.4587193791382935,1.197483309499384
21982,hw_weekly,32.64389356593101,213.55818220702528,10.471019860100913,68.50199908477234,603.608787964447,310.4202318816213,914.0290198460683,428.0,28,PACK OF 12 SUKI TISSUES ,72.89719626168224,312.0,-602.0290198460683,-192.95801918143212,2.372032292090563,-3.850418572274056
22178,hw_weekly,54.70479276685217,67.92612849099162,-6.014989027631058,-7.468722517679363,681.6572523490958,850.0769451227653,1531.7341974718609,2255.0,28,VICTORIAN GLASS HANGING T-LIGHT,86.43015521064302,1949.0,417.26580252813915,21.409225373429408,3.975063045497796,2.668721843408789
22197,hw_weekly,329.24878445601286,66.32826796725203,-218.17101156526937,-43.951279400154995,1555.0888204704083,7663.877144297951,9218.96596476836,13899.0,28,POPCORN HOLDER,110.2309518670408,15321.0,6102.03403523164,39.82790963534783,23.924497464858526,39.02699770836927
22386,hw_weekly,70.3841256006348,136.85802200123436,31.432968477649023,61.119660928761995,1425.4393170959736,545.316199721801,1970.7555168177746,1440.0,28,JUMBO BAG PINK POLKADOT,154.02777777777777,2218.0,247.2444831822254,11.147181387837021,5.114384362210573,1.5813103995893003
84077,hw_weekly,77.06057613622055,51.471758869612955,-12.224612072818205,-8.165294323447274,907.7034968876326,1249.9926349265425,2157.6961318141753,4192.0,28,WORLD WAR 2 GLIDERS ASSTD DESIGNS,84.11259541984732,3526.0,1368.3038681858247,38.80612218337563,5.599521229691443,8.75131007459447
84568,hw_weekly,60.66233402386715,146.55266200761693,11.110762895113824,26.8422226974277,1004.8233568657338,693.7219958025465,1698.5453526682802,1159.0,28,GIRLS ALPHABET IRON ON PATCHES ,98.10181190681622,1137.0,-561.5453526682802,-49.38833356801057,4.407961168222033,-3.591495731619342
84755,hw_weekly,31.2913927246959,99.5635223058506,-5.494470182816755,-17.482405127144222,361.15691558630806,515.0020807051773,876.1589962914852,880.0,28,COLOUR GLASS T-LIGHT HOLDER HANGING,92.72727272727273,816.0,-60.15899629148521,-7.372426016113381,2.2737543197031775,-0.38476104801281447
84879,hw_weekly,105.75914670339137,72.0149831637879,26.878579921324583,18.302534965882497,1856.9281727460236,1104.327934948935,2961.2561076949582,4112.0,28,ASSORTED COLOUR BIRD ORNAMENT,176.4591439688716,7256.0,4294.743892305041,59.18886290387323,7.684871005283615,27.468047388014785
84991,hw_weekly,43.723640055131156,104.01545637584302,13.009293867223409,30.948192717268945,794.2610749129637,430.00084663070834,1224.2619215436723,1177.0,28,60 TEATIME FAIRY CAKE CASES,97.7909940526763,1151.0,-73.26192154367232,-6.365067032465012,3.1771297724961682,-0.4685638965117786
84992,hw_weekly,33.32552063693006,92.47914547413693,2.483558040752779,6.891935098223766,501.3271014875598,431.787476346482,933.1145778340416,1009.0,28,72 SWEETHEART FAIRY CAKE CASES,81.9623389494549,827.0,-106.1145778340416,-12.831266969049773,2.4215619666162844,-0.6786808074230127
85099B,hw_weekly,117.79308247302674,83.77460780403221,49.126328013192726,34.93871436041139,2336.8717468070727,961.3345624376764,3298.206309244749,3937.0,28,JUMBO BAG RED RETROSPOT,192.65938531877063,7585.0,4286.793690755251,56.516726311868844,8.559303590626616,27.417199999115727
85099F,hw_weekly,44.13438903006222,167.67474801109122,25.069282594229726,95.24286467278593,968.8514027400872,266.91149010165486,1235.7628928417423,737.0,28,JUMBO BAG STRAWBERRY,200.40705563093624,1477.0,241.2371071582577,16.332911791351236,3.2069763908387925,1.5428888095150652
85123A,hw_weekly,83.92422986132125,61.338513080579354,-42.029921367022034,-30.71881488584226,586.5203189201889,1763.3581171968058,2349.878436116995,3831.0,28,WHITE HANGING HEART T-LIGHT HOLDER,58.809710258418164,2253.0,-96.87843611699509,-4.2999749719039135,6.098261009147718,-0.619608884922393
