product_id,training_end,training_days,spike_threshold_units
15036,2011-11-10,710,760.4699999999995
17003,2011-11-10,710,1391.3999999999828
20725,2011-11-10,710,283.92999999999927
21212,2011-11-10,710,981.2799999999966
21213,2011-11-10,710,595.6799999999985
21232,2011-11-10,710,317.9199999999996
21977,2011-11-10,710,699.8199999999999
21982,2011-11-10,710,457.81999999999994
22178,2011-11-10,710,397.8499999999989
22197,2011-11-10,710,1505.379999999993
22386,2011-11-10,710,410.81999999999994
84077,2011-11-10,710,1994.3999999999924
84568,2011-11-10,710,1440.0
84755,2011-11-10,710,466.5999999999981
84879,2011-11-10,710,914.209999999999
84991,2011-11-10,710,550.3799999999994
84992,2011-11-10,710,483.90999999999997
85099B,2011-11-10,710,791.4899999999988
85099F,2011-11-10,710,415.6399999999999
85123A,2011-11-10,710,789.91
