model,product_id,forecast_start,train_start,train_end,training_observations,status,negative_predictions_clipped
hw_expanding,21212,2011-01-01,2009-12-01,2010-12-31,396,ok,0
hw_182d,21212,2011-01-01,2010-07-03,2010-12-31,182,ok,0
hw_365d,21212,2011-01-01,2010-01-01,2010-12-31,365,ok,0
seasonal_naive,21212,2011-01-01,2010-12-25,2010-12-31,7,ok,0
weekday_mean_4w,21212,2011-01-01,2010-12-04,2010-12-31,28,ok,0
weekday_mean_8w,21212,2011-01-01,2010-11-06,2010-12-31,56,ok,0
hw_expanding,85123A,2011-01-01,2009-12-01,2010-12-31,396,ok,4
hw_182d,85123A,2011-01-01,2010-07-03,2010-12-31,182,ok,4
hw_365d,85123A,2011-01-01,2010-01-01,2010-12-31,365,ok,4
seasonal_naive,85123A,2011-01-01,2010-12-25,2010-12-31,7,ok,0
weekday_mean_4w,85123A,2011-01-01,2010-12-04,2010-12-31,28,ok,0
weekday_mean_8w,85123A,2011-01-01,2010-11-06,2010-12-31,56,ok,0
hw_expanding,84077,2011-01-01,2009-12-01,2010-12-31,396,ok,0
hw_182d,84077,2011-01-01,2010-07-03,2010-12-31,182,ok,0
hw_365d,84077,2011-01-01,2010-01-01,2010-12-31,365,ok,0
seasonal_naive,84077,2011-01-01,2010-12-25,2010-12-31,7,ok,0
weekday_mean_4w,84077,2011-01-01,2010-12-04,2010-12-31,28,ok,0
weekday_mean_8w,84077,2011-01-01,2010-11-06,2010-12-31,56,ok,0
hw_expanding,85099B,2011-01-01,2009-12-01,2010-12-31,396,ok,8
hw_182d,85099B,2011-01-01,2010-07-03,2010-12-31,182,ok,8
hw_365d,85099B,2011-01-01,2010-01-01,2010-12-31,365,ok,8
seasonal_naive,85099B,2011-01-01,2010-12-25,2010-12-31,7,ok,0
weekday_mean_4w,85099B,2011-01-01,2010-12-04,2010-12-31,28,ok,0
weekday_mean_8w,85099B,2011-01-01,2010-11-06,2010-12-31,56,ok,0
hw_expanding,17003,2011-01-01,2009-12-01,2010-12-31,396,ok,0
hw_182d,17003,2011-01-01,2010-07-03,2010-12-31,182,ok,4
hw_365d,17003,2011-01-01,2010-01-01,2010-12-31,365,ok,0
seasonal_naive,17003,2011-01-01,2010-12-25,2010-12-31,7,ok,0
weekday_mean_4w,17003,2011-01-01,2010-12-04,2010-12-31,28,ok,0
weekday_mean_8w,17003,2011-01-01,2010-11-06,2010-12-31,56,ok,0
hw_expanding,84879,2011-01-01,2009-12-01,2010-12-31,396,ok,8
hw_182d,84879,2011-01-01,2010-07-03,2010-12-31,182,ok,12
hw_365d,84879,2011-01-01,2010-01-01,2010-12-31,365,ok,4
seasonal_naive,84879,2011-01-01,2010-12-25,2010-12-31,7,ok,0
weekday_mean_4w,84879,2011-01-01,2010-12-04,2010-12-31,28,ok,0
weekday_mean_8w,84879,2011-01-01,2010-11-06,2010-12-31,56,ok,0
hw_expanding,84991,2011-01-01,2009-12-01,2010-12-31,396,ok,4
hw_182d,84991,2011-01-01,2010-07-03,2010-12-31,182,ok,0
hw_365d,84991,2011-01-01,2010-01-01,2010-12-31,365,ok,0
seasonal_naive,84991,2011-01-01,2010-12-25,2010-12-31,7,ok,0
weekday_mean_4w,84991,2011-01-01,2010-12-04,2010-12-31,28,ok,0
weekday_mean_8w,84991,2011-01-01,2010-11-06,2010-12-31,56,ok,0
hw_expanding,22197,2011-01-01,2009-12-01,2010-12-31,396,ok,0
hw_182d,22197,2011-01-01,2010-07-03,2010-12-31,182,ok,8
hw_365d,22197,2011-01-01,2010-01-01,2010-12-31,365,ok,0
seasonal_naive,22197,2011-01-01,2010-12-25,2010-12-31,7,ok,0
weekday_mean_4w,22197,2011-01-01,2010-12-04,2010-12-31,28,ok,0
weekday_mean_8w,22197,2011-01-01,2010-11-06,2010-12-31,56,ok,0
hw_expanding,21977,2011-01-01,2009-12-01,2010-12-31,396,ok,0
hw_182d,21977,2011-01-01,2010-07-03,2010-12-31,182,ok,4
hw_365d,21977,2011-01-01,2010-01-01,2010-12-31,365,ok,4
seasonal_naive,21977,2011-01-01,2010-12-25,2010-12-31,7,ok,0
weekday_mean_4w,21977,2011-01-01,2010-12-04,2010-12-31,28,ok,0
weekday_mean_8w,21977,2011-01-01,2010-11-06,2010-12-31,56,ok,0
hw_expanding,21232,2011-01-01,2009-12-01,2010-12-31,396,ok,4
hw_182d,21232,2011-01-01,2010-07-03,2010-12-31,182,ok,0
hw_365d,21232,2011-01-01,2010-01-01,2010-12-31,365,ok,0
seasonal_naive,21232,2011-01-01,2010-12-25,2010-12-31,7,ok,0
weekday_mean_4w,21232,2011-01-01,2010-12-04,2010-12-31,28,ok,0
weekday_mean_8w,21232,2011-01-01,2010-11-06,2010-12-31,56,ok,0
hw_expanding,21213,2011-01-01,2009-12-01,2010-12-31,396,ok,0
hw_182d,21213,2011-01-01,2010-07-03,2010-12-31,182,ok,0
hw_365d,21213,2011-01-01,2010-01-01,2010-12-31,365,ok,0
seasonal_naive,21213,2011-01-01,2010-12-25,2010-12-31,7,ok,0
weekday_mean_4w,21213,2011-01-01,2010-12-04,2010-12-31,28,ok,0
weekday_mean_8w,21213,2011-01-01,2010-11-06,2010-12-31,56,ok,0
hw_expanding,21982,2011-01-01,2009-12-01,2010-12-31,396,ok,4
hw_182d,21982,2011-01-01,2010-07-03,2010-12-31,182,ok,4
hw_365d,21982,2011-01-01,2010-01-01,2010-12-31,365,ok,12
seasonal_naive,21982,2011-01-01,2010-12-25,2010-12-31,7,ok,0
weekday_mean_4w,21982,2011-01-01,2010-12-04,2010-12-31,28,ok,0
weekday_mean_8w,21982,2011-01-01,2010-11-06,2010-12-31,56,ok,0
hw_expanding,21980,2011-01-01,2009-12-01,2010-12-31,396,ok,20
hw_182d,21980,2011-01-01,2010-07-03,2010-12-31,182,ok,4
hw_365d,21980,2011-01-01,2010-01-01,2010-12-31,365,ok,0
seasonal_naive,21980,2011-01-01,2010-12-25,2010-12-31,7,ok,0
weekday_mean_4w,21980,2011-01-01,2010-12-04,2010-12-31,28,ok,0
weekday_mean_8w,21980,2011-01-01,2010-11-06,2010-12-31,56,ok,0
hw_expanding,84755,2011-01-01,2009-12-01,2010-12-31,396,ok,8
hw_182d,84755,2011-01-01,2010-07-03,2010-12-31,182,ok,4
hw_365d,84755,2011-01-01,2010-01-01,2010-12-31,365,ok,8
seasonal_naive,84755,2011-01-01,2010-12-25,2010-12-31,7,ok,0
weekday_mean_4w,84755,2011-01-01,2010-12-04,2010-12-31,28,ok,0
weekday_mean_8w,84755,2011-01-01,2010-11-06,2010-12-31,56,ok,0
hw_expanding,84347,2011-01-01,2009-12-01,2010-12-31,396,ok,8
hw_182d,84347,2011-01-01,2010-07-03,2010-12-31,182,ok,0
hw_365d,84347,2011-01-01,2010-01-01,2010-12-31,365,ok,0
seasonal_naive,84347,2011-01-01,2010-12-25,2010-12-31,7,ok,0
weekday_mean_4w,84347,2011-01-01,2010-12-04,2010-12-31,28,ok,0
weekday_mean_8w,84347,2011-01-01,2010-11-06,2010-12-31,56,ok,0
hw_expanding,84992,2011-01-01,2009-12-01,2010-12-31,396,ok,4
hw_182d,84992,2011-01-01,2010-07-03,2010-12-31,182,ok,4
hw_365d,84992,2011-01-01,2010-01-01,2010-12-31,365,ok,0
seasonal_naive,84992,2011-01-01,2010-12-25,2010-12-31,7,ok,0
weekday_mean_4w,84992,2011-01-01,2010-12-04,2010-12-31,28,ok,0
weekday_mean_8w,84992,2011-01-01,2010-11-06,2010-12-31,56,ok,0
hw_expanding,21984,2011-01-01,2009-12-01,2010-12-31,396,ok,20
hw_182d,21984,2011-01-01,2010-07-03,2010-12-31,182,ok,4
hw_365d,21984,2011-01-01,2010-01-01,2010-12-31,365,ok,0
seasonal_naive,21984,2011-01-01,2010-12-25,2010-12-31,7,ok,0
weekday_mean_4w,21984,2011-01-01,2010-12-04,2010-12-31,28,ok,0
weekday_mean_8w,21984,2011-01-01,2010-11-06,2010-12-31,56,ok,0
hw_expanding,20725,2011-01-01,2009-12-01,2010-12-31,396,ok,4
hw_182d,20725,2011-01-01,2010-07-03,2010-12-31,182,ok,4
hw_365d,20725,2011-01-01,2010-01-01,2010-12-31,365,ok,4
seasonal_naive,20725,2011-01-01,2010-12-25,2010-12-31,7,ok,0
weekday_mean_4w,20725,2011-01-01,2010-12-04,2010-12-31,28,ok,0
weekday_mean_8w,20725,2011-01-01,2010-11-06,2010-12-31,56,ok,0
hw_expanding,21981,2011-01-01,2009-12-01,2010-12-31,396,ok,20
hw_182d,21981,2011-01-01,2010-07-03,2010-12-31,182,ok,4
hw_365d,21981,2011-01-01,2010-01-01,2010-12-31,365,ok,20
seasonal_naive,21981,2011-01-01,2010-12-25,2010-12-31,7,ok,0
weekday_mean_4w,21981,2011-01-01,2010-12-04,2010-12-31,28,ok,0
weekday_mean_8w,21981,2011-01-01,2010-11-06,2010-12-31,56,ok,0
hw_expanding,15036,2011-01-01,2009-12-01,2010-12-31,396,ok,8
hw_182d,15036,2011-01-01,2010-07-03,2010-12-31,182,ok,12
hw_365d,15036,2011-01-01,2010-01-01,2010-12-31,365,ok,8
seasonal_naive,15036,2011-01-01,2010-12-25,2010-12-31,7,ok,0
weekday_mean_4w,15036,2011-01-01,2010-12-04,2010-12-31,28,ok,0
weekday_mean_8w,15036,2011-01-01,2010-11-06,2010-12-31,56,ok,0
hw_expanding,21212,2011-03-01,2009-12-01,2011-02-28,455,ok,0
hw_182d,21212,2011-03-01,2010-08-31,2011-02-28,182,ok,4
hw_365d,21212,2011-03-01,2010-03-01,2011-02-28,365,ok,0
seasonal_naive,21212,2011-03-01,2011-02-22,2011-02-28,7,ok,0
weekday_mean_4w,21212,2011-03-01,2011-02-01,2011-02-28,28,ok,0
weekday_mean_8w,21212,2011-03-01,2011-01-04,2011-02-28,56,ok,0
hw_expanding,85123A,2011-03-01,2009-12-01,2011-02-28,455,ok,4
hw_182d,85123A,2011-03-01,2010-08-31,2011-02-28,182,ok,0
hw_365d,85123A,2011-03-01,2010-03-01,2011-02-28,365,ok,0
seasonal_naive,85123A,2011-03-01,2011-02-22,2011-02-28,7,ok,0
weekday_mean_4w,85123A,2011-03-01,2011-02-01,2011-02-28,28,ok,0
weekday_mean_8w,85123A,2011-03-01,2011-01-04,2011-02-28,56,ok,0
hw_expanding,84077,2011-03-01,2009-12-01,2011-02-28,455,ok,0
hw_182d,84077,2011-03-01,2010-08-31,2011-02-28,182,ok,0
hw_365d,84077,2011-03-01,2010-03-01,2011-02-28,365,ok,4
seasonal_naive,84077,2011-03-01,2011-02-22,2011-02-28,7,ok,0
weekday_mean_4w,84077,2011-03-01,2011-02-01,2011-02-28,28,ok,0
weekday_mean_8w,84077,2011-03-01,2011-01-04,2011-02-28,56,ok,0
hw_expanding,85099B,2011-03-01,2009-12-01,2011-02-28,455,ok,4
hw_182d,85099B,2011-03-01,2010-08-31,2011-02-28,182,ok,4
hw_365d,85099B,2011-03-01,2010-03-01,2011-02-28,365,ok,4
seasonal_naive,85099B,2011-03-01,2011-02-22,2011-02-28,7,ok,0
weekday_mean_4w,85099B,2011-03-01,2011-02-01,2011-02-28,28,ok,0
weekday_mean_8w,85099B,2011-03-01,2011-01-04,2011-02-28,56,ok,0
hw_expanding,17003,2011-03-01,2009-12-01,2011-02-28,455,ok,4
hw_182d,17003,2011-03-01,2010-08-31,2011-02-28,182,ok,20
hw_365d,17003,2011-03-01,2010-03-01,2011-02-28,365,ok,4
seasonal_naive,17003,2011-03-01,2011-02-22,2011-02-28,7,ok,0
weekday_mean_4w,17003,2011-03-01,2011-02-01,2011-02-28,28,ok,0
weekday_mean_8w,17003,2011-03-01,2011-01-04,2011-02-28,56,ok,0
hw_expanding,84879,2011-03-01,2009-12-01,2011-02-28,455,ok,4
hw_182d,84879,2011-03-01,2010-08-31,2011-02-28,182,ok,8
hw_365d,84879,2011-03-01,2010-03-01,2011-02-28,365,ok,4
seasonal_naive,84879,2011-03-01,2011-02-22,2011-02-28,7,ok,0
weekday_mean_4w,84879,2011-03-01,2011-02-01,2011-02-28,28,ok,0
weekday_mean_8w,84879,2011-03-01,2011-01-04,2011-02-28,56,ok,0
hw_expanding,84991,2011-03-01,2009-12-01,2011-02-28,455,ok,4
hw_182d,84991,2011-03-01,2010-08-31,2011-02-28,182,ok,4
hw_365d,84991,2011-03-01,2010-03-01,2011-02-28,365,ok,4
seasonal_naive,84991,2011-03-01,2011-02-22,2011-02-28,7,ok,0
weekday_mean_4w,84991,2011-03-01,2011-02-01,2011-02-28,28,ok,0
weekday_mean_8w,84991,2011-03-01,2011-01-04,2011-02-28,56,ok,0
hw_expanding,22197,2011-03-01,2009-12-01,2011-02-28,455,ok,0
hw_182d,22197,2011-03-01,2010-08-31,2011-02-28,182,ok,4
hw_365d,22197,2011-03-01,2010-03-01,2011-02-28,365,ok,0
seasonal_naive,22197,2011-03-01,2011-02-22,2011-02-28,7,ok,0
weekday_mean_4w,22197,2011-03-01,2011-02-01,2011-02-28,28,ok,0
weekday_mean_8w,22197,2011-03-01,2011-01-04,2011-02-28,56,ok,0
hw_expanding,21977,2011-03-01,2009-12-01,2011-02-28,455,ok,4
hw_182d,21977,2011-03-01,2010-08-31,2011-02-28,182,ok,4
hw_365d,21977,2011-03-01,2010-03-01,2011-02-28,365,ok,0
seasonal_naive,21977,2011-03-01,2011-02-22,2011-02-28,7,ok,0
weekday_mean_4w,21977,2011-03-01,2011-02-01,2011-02-28,28,ok,0
weekday_mean_8w,21977,2011-03-01,2011-01-04,2011-02-28,56,ok,0
hw_expanding,21232,2011-03-01,2009-12-01,2011-02-28,455,ok,4
hw_182d,21232,2011-03-01,2010-08-31,2011-02-28,182,ok,4
hw_365d,21232,2011-03-01,2010-03-01,2011-02-28,365,ok,4
seasonal_naive,21232,2011-03-01,2011-02-22,2011-02-28,7,ok,0
weekday_mean_4w,21232,2011-03-01,2011-02-01,2011-02-28,28,ok,0
weekday_mean_8w,21232,2011-03-01,2011-01-04,2011-02-28,56,ok,0
hw_expanding,21213,2011-03-01,2009-12-01,2011-02-28,455,ok,4
hw_182d,21213,2011-03-01,2010-08-31,2011-02-28,182,ok,4
hw_365d,21213,2011-03-01,2010-03-01,2011-02-28,365,ok,4
seasonal_naive,21213,2011-03-01,2011-02-22,2011-02-28,7,ok,0
weekday_mean_4w,21213,2011-03-01,2011-02-01,2011-02-28,28,ok,0
weekday_mean_8w,21213,2011-03-01,2011-01-04,2011-02-28,56,ok,0
hw_expanding,21982,2011-03-01,2009-12-01,2011-02-28,455,ok,4
hw_182d,21982,2011-03-01,2010-08-31,2011-02-28,182,ok,4
hw_365d,21982,2011-03-01,2010-03-01,2011-02-28,365,ok,0
seasonal_naive,21982,2011-03-01,2011-02-22,2011-02-28,7,ok,0
weekday_mean_4w,21982,2011-03-01,2011-02-01,2011-02-28,28,ok,0
weekday_mean_8w,21982,2011-03-01,2011-01-04,2011-02-28,56,ok,0
hw_expanding,21980,2011-03-01,2009-12-01,2011-02-28,455,ok,20
hw_182d,21980,2011-03-01,2010-08-31,2011-02-28,182,ok,4
hw_365d,21980,2011-03-01,2010-03-01,2011-02-28,365,ok,4
seasonal_naive,21980,2011-03-01,2011-02-22,2011-02-28,7,ok,0
weekday_mean_4w,21980,2011-03-01,2011-02-01,2011-02-28,28,ok,0
weekday_mean_8w,21980,2011-03-01,2011-01-04,2011-02-28,56,ok,0
hw_expanding,84755,2011-03-01,2009-12-01,2011-02-28,455,ok,4
hw_182d,84755,2011-03-01,2010-08-31,2011-02-28,182,ok,0
hw_365d,84755,2011-03-01,2010-03-01,2011-02-28,365,ok,4
seasonal_naive,84755,2011-03-01,2011-02-22,2011-02-28,7,ok,0
weekday_mean_4w,84755,2011-03-01,2011-02-01,2011-02-28,28,ok,0
weekday_mean_8w,84755,2011-03-01,2011-01-04,2011-02-28,56,ok,0
hw_expanding,84347,2011-03-01,2009-12-01,2011-02-28,455,ok,8
hw_182d,84347,2011-03-01,2010-08-31,2011-02-28,182,ok,0
hw_365d,84347,2011-03-01,2010-03-01,2011-02-28,365,ok,4
seasonal_naive,84347,2011-03-01,2011-02-22,2011-02-28,7,ok,0
weekday_mean_4w,84347,2011-03-01,2011-02-01,2011-02-28,28,ok,0
weekday_mean_8w,84347,2011-03-01,2011-01-04,2011-02-28,56,ok,0
hw_expanding,84992,2011-03-01,2009-12-01,2011-02-28,455,ok,4
hw_182d,84992,2011-03-01,2010-08-31,2011-02-28,182,ok,0
hw_365d,84992,2011-03-01,2010-03-01,2011-02-28,365,ok,4
seasonal_naive,84992,2011-03-01,2011-02-22,2011-02-28,7,ok,0
weekday_mean_4w,84992,2011-03-01,2011-02-01,2011-02-28,28,ok,0
weekday_mean_8w,84992,2011-03-01,2011-01-04,2011-02-28,56,ok,0
hw_expanding,21984,2011-03-01,2009-12-01,2011-02-28,455,ok,20
hw_182d,21984,2011-03-01,2010-08-31,2011-02-28,182,ok,4
hw_365d,21984,2011-03-01,2010-03-01,2011-02-28,365,ok,0
seasonal_naive,21984,2011-03-01,2011-02-22,2011-02-28,7,ok,0
weekday_mean_4w,21984,2011-03-01,2011-02-01,2011-02-28,28,ok,0
weekday_mean_8w,21984,2011-03-01,2011-01-04,2011-02-28,56,ok,0
hw_expanding,20725,2011-03-01,2009-12-01,2011-02-28,455,ok,4
hw_182d,20725,2011-03-01,2010-08-31,2011-02-28,182,ok,4
hw_365d,20725,2011-03-01,2010-03-01,2011-02-28,365,ok,0
seasonal_naive,20725,2011-03-01,2011-02-22,2011-02-28,7,ok,0
weekday_mean_4w,20725,2011-03-01,2011-02-01,2011-02-28,28,ok,0
weekday_mean_8w,20725,2011-03-01,2011-01-04,2011-02-28,56,ok,0
hw_expanding,21981,2011-03-01,2009-12-01,2011-02-28,455,ok,20
hw_182d,21981,2011-03-01,2010-08-31,2011-02-28,182,ok,4
hw_365d,21981,2011-03-01,2010-03-01,2011-02-28,365,ok,12
seasonal_naive,21981,2011-03-01,2011-02-22,2011-02-28,7,ok,0
weekday_mean_4w,21981,2011-03-01,2011-02-01,2011-02-28,28,ok,0
weekday_mean_8w,21981,2011-03-01,2011-01-04,2011-02-28,56,ok,0
hw_expanding,15036,2011-03-01,2009-12-01,2011-02-28,455,ok,0
hw_182d,15036,2011-03-01,2010-08-31,2011-02-28,182,ok,4
hw_365d,15036,2011-03-01,2010-03-01,2011-02-28,365,ok,4
seasonal_naive,15036,2011-03-01,2011-02-22,2011-02-28,7,ok,0
weekday_mean_4w,15036,2011-03-01,2011-02-01,2011-02-28,28,ok,0
weekday_mean_8w,15036,2011-03-01,2011-01-04,2011-02-28,56,ok,0
hw_expanding,21212,2011-05-01,2009-12-01,2011-04-30,516,ok,4
hw_182d,21212,2011-05-01,2010-10-31,2011-04-30,182,ok,4
hw_365d,21212,2011-05-01,2010-05-01,2011-04-30,365,ok,0
seasonal_naive,21212,2011-05-01,2011-04-24,2011-04-30,7,ok,0
weekday_mean_4w,21212,2011-05-01,2011-04-03,2011-04-30,28,ok,0
weekday_mean_8w,21212,2011-05-01,2011-03-06,2011-04-30,56,ok,0
hw_expanding,85123A,2011-05-01,2009-12-01,2011-04-30,516,ok,0
hw_182d,85123A,2011-05-01,2010-10-31,2011-04-30,182,ok,4
hw_365d,85123A,2011-05-01,2010-05-01,2011-04-30,365,ok,0
seasonal_naive,85123A,2011-05-01,2011-04-24,2011-04-30,7,ok,0
weekday_mean_4w,85123A,2011-05-01,2011-04-03,2011-04-30,28,ok,0
weekday_mean_8w,85123A,2011-05-01,2011-03-06,2011-04-30,56,ok,0
hw_expanding,84077,2011-05-01,2009-12-01,2011-04-30,516,ok,0
hw_182d,84077,2011-05-01,2010-10-31,2011-04-30,182,ok,0
hw_365d,84077,2011-05-01,2010-05-01,2011-04-30,365,ok,0
seasonal_naive,84077,2011-05-01,2011-04-24,2011-04-30,7,ok,0
weekday_mean_4w,84077,2011-05-01,2011-04-03,2011-04-30,28,ok,0
weekday_mean_8w,84077,2011-05-01,2011-03-06,2011-04-30,56,ok,0
hw_expanding,85099B,2011-05-01,2009-12-01,2011-04-30,516,ok,4
hw_182d,85099B,2011-05-01,2010-10-31,2011-04-30,182,ok,4
hw_365d,85099B,2011-05-01,2010-05-01,2011-04-30,365,ok,4
seasonal_naive,85099B,2011-05-01,2011-04-24,2011-04-30,7,ok,0
weekday_mean_4w,85099B,2011-05-01,2011-04-03,2011-04-30,28,ok,0
weekday_mean_8w,85099B,2011-05-01,2011-03-06,2011-04-30,56,ok,0
hw_expanding,17003,2011-05-01,2009-12-01,2011-04-30,516,ok,4
hw_182d,17003,2011-05-01,2010-10-31,2011-04-30,182,ok,16
hw_365d,17003,2011-05-01,2010-05-01,2011-04-30,365,ok,4
seasonal_naive,17003,2011-05-01,2011-04-24,2011-04-30,7,ok,0
weekday_mean_4w,17003,2011-05-01,2011-04-03,2011-04-30,28,ok,0
weekday_mean_8w,17003,2011-05-01,2011-03-06,2011-04-30,56,ok,0
hw_expanding,84879,2011-05-01,2009-12-01,2011-04-30,516,ok,4
hw_182d,84879,2011-05-01,2010-10-31,2011-04-30,182,ok,4
hw_365d,84879,2011-05-01,2010-05-01,2011-04-30,365,ok,4
seasonal_naive,84879,2011-05-01,2011-04-24,2011-04-30,7,ok,0
weekday_mean_4w,84879,2011-05-01,2011-04-03,2011-04-30,28,ok,0
weekday_mean_8w,84879,2011-05-01,2011-03-06,2011-04-30,56,ok,0
hw_expanding,84991,2011-05-01,2009-12-01,2011-04-30,516,ok,4
hw_182d,84991,2011-05-01,2010-10-31,2011-04-30,182,ok,0
hw_365d,84991,2011-05-01,2010-05-01,2011-04-30,365,ok,4
seasonal_naive,84991,2011-05-01,2011-04-24,2011-04-30,7,ok,0
weekday_mean_4w,84991,2011-05-01,2011-04-03,2011-04-30,28,ok,0
weekday_mean_8w,84991,2011-05-01,2011-03-06,2011-04-30,56,ok,0
hw_expanding,22197,2011-05-01,2009-12-01,2011-04-30,516,ok,4
hw_182d,22197,2011-05-01,2010-10-31,2011-04-30,182,ok,8
hw_365d,22197,2011-05-01,2010-05-01,2011-04-30,365,ok,8
seasonal_naive,22197,2011-05-01,2011-04-24,2011-04-30,7,ok,0
weekday_mean_4w,22197,2011-05-01,2011-04-03,2011-04-30,28,ok,0
weekday_mean_8w,22197,2011-05-01,2011-03-06,2011-04-30,56,ok,0
hw_expanding,21977,2011-05-01,2009-12-01,2011-04-30,516,ok,4
hw_182d,21977,2011-05-01,2010-10-31,2011-04-30,182,ok,4
hw_365d,21977,2011-05-01,2010-05-01,2011-04-30,365,ok,0
seasonal_naive,21977,2011-05-01,2011-04-24,2011-04-30,7,ok,0
weekday_mean_4w,21977,2011-05-01,2011-04-03,2011-04-30,28,ok,0
weekday_mean_8w,21977,2011-05-01,2011-03-06,2011-04-30,56,ok,0
hw_expanding,21232,2011-05-01,2009-12-01,2011-04-30,516,ok,4
hw_182d,21232,2011-05-01,2010-10-31,2011-04-30,182,ok,8
hw_365d,21232,2011-05-01,2010-05-01,2011-04-30,365,ok,4
seasonal_naive,21232,2011-05-01,2011-04-24,2011-04-30,7,ok,0
weekday_mean_4w,21232,2011-05-01,2011-04-03,2011-04-30,28,ok,0
weekday_mean_8w,21232,2011-05-01,2011-03-06,2011-04-30,56,ok,0
hw_expanding,21213,2011-05-01,2009-12-01,2011-04-30,516,ok,4
hw_182d,21213,2011-05-01,2010-10-31,2011-04-30,182,ok,4
hw_365d,21213,2011-05-01,2010-05-01,2011-04-30,365,ok,4
seasonal_naive,21213,2011-05-01,2011-04-24,2011-04-30,7,ok,0
weekday_mean_4w,21213,2011-05-01,2011-04-03,2011-04-30,28,ok,0
weekday_mean_8w,21213,2011-05-01,2011-03-06,2011-04-30,56,ok,0
hw_expanding,21982,2011-05-01,2009-12-01,2011-04-30,516,ok,0
hw_182d,21982,2011-05-01,2010-10-31,2011-04-30,182,ok,0
hw_365d,21982,2011-05-01,2010-05-01,2011-04-30,365,ok,4
seasonal_naive,21982,2011-05-01,2011-04-24,2011-04-30,7,ok,0
weekday_mean_4w,21982,2011-05-01,2011-04-03,2011-04-30,28,ok,0
weekday_mean_8w,21982,2011-05-01,2011-03-06,2011-04-30,56,ok,0
hw_expanding,21980,2011-05-01,2009-12-01,2011-04-30,516,ok,8
hw_182d,21980,2011-05-01,2010-10-31,2011-04-30,182,ok,0
hw_365d,21980,2011-05-01,2010-05-01,2011-04-30,365,ok,0
seasonal_naive,21980,2011-05-01,2011-04-24,2011-04-30,7,ok,0
weekday_mean_4w,21980,2011-05-01,2011-04-03,2011-04-30,28,ok,0
weekday_mean_8w,21980,2011-05-01,2011-03-06,2011-04-30,56,ok,0
hw_expanding,84755,2011-05-01,2009-12-01,2011-04-30,516,ok,4
hw_182d,84755,2011-05-01,2010-10-31,2011-04-30,182,ok,0
hw_365d,84755,2011-05-01,2010-05-01,2011-04-30,365,ok,0
seasonal_naive,84755,2011-05-01,2011-04-24,2011-04-30,7,ok,0
weekday_mean_4w,84755,2011-05-01,2011-04-03,2011-04-30,28,ok,0
weekday_mean_8w,84755,2011-05-01,2011-03-06,2011-04-30,56,ok,0
hw_expanding,84347,2011-05-01,2009-12-01,2011-04-30,516,ok,8
hw_182d,84347,2011-05-01,2010-10-31,2011-04-30,182,ok,24
hw_365d,84347,2011-05-01,2010-05-01,2011-04-30,365,ok,20
seasonal_naive,84347,2011-05-01,2011-04-24,2011-04-30,7,ok,0
weekday_mean_4w,84347,2011-05-01,2011-04-03,2011-04-30,28,ok,0
weekday_mean_8w,84347,2011-05-01,2011-03-06,2011-04-30,56,ok,0
hw_expanding,84992,2011-05-01,2009-12-01,2011-04-30,516,ok,0
hw_182d,84992,2011-05-01,2010-10-31,2011-04-30,182,ok,0
hw_365d,84992,2011-05-01,2010-05-01,2011-04-30,365,ok,4
seasonal_naive,84992,2011-05-01,2011-04-24,2011-04-30,7,ok,0
weekday_mean_4w,84992,2011-05-01,2011-04-03,2011-04-30,28,ok,0
weekday_mean_8w,84992,2011-05-01,2011-03-06,2011-04-30,56,ok,0
hw_expanding,21984,2011-05-01,2009-12-01,2011-04-30,516,ok,20
hw_182d,21984,2011-05-01,2010-10-31,2011-04-30,182,ok,4
hw_365d,21984,2011-05-01,2010-05-01,2011-04-30,365,ok,0
seasonal_naive,21984,2011-05-01,2011-04-24,2011-04-30,7,ok,0
weekday_mean_4w,21984,2011-05-01,2011-04-03,2011-04-30,28,ok,0
weekday_mean_8w,21984,2011-05-01,2011-03-06,2011-04-30,56,ok,0
hw_expanding,20725,2011-05-01,2009-12-01,2011-04-30,516,ok,4
hw_182d,20725,2011-05-01,2010-10-31,2011-04-30,182,ok,0
hw_365d,20725,2011-05-01,2010-05-01,2011-04-30,365,ok,4
seasonal_naive,20725,2011-05-01,2011-04-24,2011-04-30,7,ok,0
weekday_mean_4w,20725,2011-05-01,2011-04-03,2011-04-30,28,ok,0
weekday_mean_8w,20725,2011-05-01,2011-03-06,2011-04-30,56,ok,0
hw_expanding,21981,2011-05-01,2009-12-01,2011-04-30,516,ok,20
hw_182d,21981,2011-05-01,2010-10-31,2011-04-30,182,ok,0
hw_365d,21981,2011-05-01,2010-05-01,2011-04-30,365,ok,4
seasonal_naive,21981,2011-05-01,2011-04-24,2011-04-30,7,ok,0
weekday_mean_4w,21981,2011-05-01,2011-04-03,2011-04-30,28,ok,0
weekday_mean_8w,21981,2011-05-01,2011-03-06,2011-04-30,56,ok,0
hw_expanding,15036,2011-05-01,2009-12-01,2011-04-30,516,ok,0
hw_182d,15036,2011-05-01,2010-10-31,2011-04-30,182,ok,0
hw_365d,15036,2011-05-01,2010-05-01,2011-04-30,365,ok,0
seasonal_naive,15036,2011-05-01,2011-04-24,2011-04-30,7,ok,0
weekday_mean_4w,15036,2011-05-01,2011-04-03,2011-04-30,28,ok,0
weekday_mean_8w,15036,2011-05-01,2011-03-06,2011-04-30,56,ok,0
hw_expanding,21212,2011-07-01,2009-12-01,2011-06-30,577,ok,4
hw_182d,21212,2011-07-01,2010-12-31,2011-06-30,182,ok,4
hw_365d,21212,2011-07-01,2010-07-01,2011-06-30,365,ok,4
seasonal_naive,21212,2011-07-01,2011-06-24,2011-06-30,7,ok,0
weekday_mean_4w,21212,2011-07-01,2011-06-03,2011-06-30,28,ok,0
weekday_mean_8w,21212,2011-07-01,2011-05-06,2011-06-30,56,ok,0
hw_expanding,85123A,2011-07-01,2009-12-01,2011-06-30,577,ok,4
hw_182d,85123A,2011-07-01,2010-12-31,2011-06-30,182,ok,4
hw_365d,85123A,2011-07-01,2010-07-01,2011-06-30,365,ok,4
seasonal_naive,85123A,2011-07-01,2011-06-24,2011-06-30,7,ok,0
weekday_mean_4w,85123A,2011-07-01,2011-06-03,2011-06-30,28,ok,0
weekday_mean_8w,85123A,2011-07-01,2011-05-06,2011-06-30,56,ok,0
hw_expanding,84077,2011-07-01,2009-12-01,2011-06-30,577,ok,0
hw_182d,84077,2011-07-01,2010-12-31,2011-06-30,182,ok,4
hw_365d,84077,2011-07-01,2010-07-01,2011-06-30,365,ok,4
seasonal_naive,84077,2011-07-01,2011-06-24,2011-06-30,7,ok,0
weekday_mean_4w,84077,2011-07-01,2011-06-03,2011-06-30,28,ok,0
weekday_mean_8w,84077,2011-07-01,2011-05-06,2011-06-30,56,ok,0
hw_expanding,85099B,2011-07-01,2009-12-01,2011-06-30,577,ok,4
hw_182d,85099B,2011-07-01,2010-12-31,2011-06-30,182,ok,4
hw_365d,85099B,2011-07-01,2010-07-01,2011-06-30,365,ok,4
seasonal_naive,85099B,2011-07-01,2011-06-24,2011-06-30,7,ok,0
weekday_mean_4w,85099B,2011-07-01,2011-06-03,2011-06-30,28,ok,0
weekday_mean_8w,85099B,2011-07-01,2011-05-06,2011-06-30,56,ok,0
hw_expanding,17003,2011-07-01,2009-12-01,2011-06-30,577,ok,4
hw_182d,17003,2011-07-01,2010-12-31,2011-06-30,182,ok,4
hw_365d,17003,2011-07-01,2010-07-01,2011-06-30,365,ok,4
seasonal_naive,17003,2011-07-01,2011-06-24,2011-06-30,7,ok,0
weekday_mean_4w,17003,2011-07-01,2011-06-03,2011-06-30,28,ok,0
weekday_mean_8w,17003,2011-07-01,2011-05-06,2011-06-30,56,ok,0
hw_expanding,84879,2011-07-01,2009-12-01,2011-06-30,577,ok,4
hw_182d,84879,2011-07-01,2010-12-31,2011-06-30,182,ok,4
hw_365d,84879,2011-07-01,2010-07-01,2011-06-30,365,ok,8
seasonal_naive,84879,2011-07-01,2011-06-24,2011-06-30,7,ok,0
weekday_mean_4w,84879,2011-07-01,2011-06-03,2011-06-30,28,ok,0
weekday_mean_8w,84879,2011-07-01,2011-05-06,2011-06-30,56,ok,0
hw_expanding,84991,2011-07-01,2009-12-01,2011-06-30,577,ok,4
hw_182d,84991,2011-07-01,2010-12-31,2011-06-30,182,ok,0
hw_365d,84991,2011-07-01,2010-07-01,2011-06-30,365,ok,4
seasonal_naive,84991,2011-07-01,2011-06-24,2011-06-30,7,ok,0
weekday_mean_4w,84991,2011-07-01,2011-06-03,2011-06-30,28,ok,0
weekday_mean_8w,84991,2011-07-01,2011-05-06,2011-06-30,56,ok,0
hw_expanding,22197,2011-07-01,2009-12-01,2011-06-30,577,ok,0
hw_182d,22197,2011-07-01,2010-12-31,2011-06-30,182,ok,4
hw_365d,22197,2011-07-01,2010-07-01,2011-06-30,365,ok,0
seasonal_naive,22197,2011-07-01,2011-06-24,2011-06-30,7,ok,0
weekday_mean_4w,22197,2011-07-01,2011-06-03,2011-06-30,28,ok,0
weekday_mean_8w,22197,2011-07-01,2011-05-06,2011-06-30,56,ok,0
hw_expanding,21977,2011-07-01,2009-12-01,2011-06-30,577,ok,0
hw_182d,21977,2011-07-01,2010-12-31,2011-06-30,182,ok,0
hw_365d,21977,2011-07-01,2010-07-01,2011-06-30,365,ok,4
seasonal_naive,21977,2011-07-01,2011-06-24,2011-06-30,7,ok,0
weekday_mean_4w,21977,2011-07-01,2011-06-03,2011-06-30,28,ok,0
weekday_mean_8w,21977,2011-07-01,2011-05-06,2011-06-30,56,ok,0
hw_expanding,21232,2011-07-01,2009-12-01,2011-06-30,577,ok,4
hw_182d,21232,2011-07-01,2010-12-31,2011-06-30,182,ok,4
hw_365d,21232,2011-07-01,2010-07-01,2011-06-30,365,ok,4
seasonal_naive,21232,2011-07-01,2011-06-24,2011-06-30,7,ok,0
weekday_mean_4w,21232,2011-07-01,2011-06-03,2011-06-30,28,ok,0
weekday_mean_8w,21232,2011-07-01,2011-05-06,2011-06-30,56,ok,0
hw_expanding,21213,2011-07-01,2009-12-01,2011-06-30,577,ok,4
hw_182d,21213,2011-07-01,2010-12-31,2011-06-30,182,ok,0
hw_365d,21213,2011-07-01,2010-07-01,2011-06-30,365,ok,4
seasonal_naive,21213,2011-07-01,2011-06-24,2011-06-30,7,ok,0
weekday_mean_4w,21213,2011-07-01,2011-06-03,2011-06-30,28,ok,0
weekday_mean_8w,21213,2011-07-01,2011-05-06,2011-06-30,56,ok,0
hw_expanding,21982,2011-07-01,2009-12-01,2011-06-30,577,ok,8
hw_182d,21982,2011-07-01,2010-12-31,2011-06-30,182,ok,0
hw_365d,21982,2011-07-01,2010-07-01,2011-06-30,365,ok,4
seasonal_naive,21982,2011-07-01,2011-06-24,2011-06-30,7,ok,0
weekday_mean_4w,21982,2011-07-01,2011-06-03,2011-06-30,28,ok,0
weekday_mean_8w,21982,2011-07-01,2011-05-06,2011-06-30,56,ok,0
hw_expanding,21980,2011-07-01,2009-12-01,2011-06-30,577,ok,4
hw_182d,21980,2011-07-01,2010-12-31,2011-06-30,182,ok,0
hw_365d,21980,2011-07-01,2010-07-01,2011-06-30,365,ok,0
seasonal_naive,21980,2011-07-01,2011-06-24,2011-06-30,7,ok,0
weekday_mean_4w,21980,2011-07-01,2011-06-03,2011-06-30,28,ok,0
weekday_mean_8w,21980,2011-07-01,2011-05-06,2011-06-30,56,ok,0
hw_expanding,84755,2011-07-01,2009-12-01,2011-06-30,577,ok,0
hw_182d,84755,2011-07-01,2010-12-31,2011-06-30,182,ok,0
hw_365d,84755,2011-07-01,2010-07-01,2011-06-30,365,ok,0
seasonal_naive,84755,2011-07-01,2011-06-24,2011-06-30,7,ok,0
weekday_mean_4w,84755,2011-07-01,2011-06-03,2011-06-30,28,ok,0
weekday_mean_8w,84755,2011-07-01,2011-05-06,2011-06-30,56,ok,0
hw_expanding,84347,2011-07-01,2009-12-01,2011-06-30,577,ok,8
hw_182d,84347,2011-07-01,2010-12-31,2011-06-30,182,ok,4
hw_365d,84347,2011-07-01,2010-07-01,2011-06-30,365,ok,20
seasonal_naive,84347,2011-07-01,2011-06-24,2011-06-30,7,ok,0
weekday_mean_4w,84347,2011-07-01,2011-06-03,2011-06-30,28,ok,0
weekday_mean_8w,84347,2011-07-01,2011-05-06,2011-06-30,56,ok,0
hw_expanding,84992,2011-07-01,2009-12-01,2011-06-30,577,ok,4
hw_182d,84992,2011-07-01,2010-12-31,2011-06-30,182,ok,0
hw_365d,84992,2011-07-01,2010-07-01,2011-06-30,365,ok,4
seasonal_naive,84992,2011-07-01,2011-06-24,2011-06-30,7,ok,0
weekday_mean_4w,84992,2011-07-01,2011-06-03,2011-06-30,28,ok,0
weekday_mean_8w,84992,2011-07-01,2011-05-06,2011-06-30,56,ok,0
hw_expanding,21984,2011-07-01,2009-12-01,2011-06-30,577,ok,20
hw_182d,21984,2011-07-01,2010-12-31,2011-06-30,182,ok,0
hw_365d,21984,2011-07-01,2010-07-01,2011-06-30,365,ok,4
seasonal_naive,21984,2011-07-01,2011-06-24,2011-06-30,7,ok,0
weekday_mean_4w,21984,2011-07-01,2011-06-03,2011-06-30,28,ok,0
weekday_mean_8w,21984,2011-07-01,2011-05-06,2011-06-30,56,ok,0
hw_expanding,20725,2011-07-01,2009-12-01,2011-06-30,577,ok,0
hw_182d,20725,2011-07-01,2010-12-31,2011-06-30,182,ok,4
hw_365d,20725,2011-07-01,2010-07-01,2011-06-30,365,ok,0
seasonal_naive,20725,2011-07-01,2011-06-24,2011-06-30,7,ok,0
weekday_mean_4w,20725,2011-07-01,2011-06-03,2011-06-30,28,ok,0
weekday_mean_8w,20725,2011-07-01,2011-05-06,2011-06-30,56,ok,0
hw_expanding,21981,2011-07-01,2009-12-01,2011-06-30,577,ok,4
hw_182d,21981,2011-07-01,2010-12-31,2011-06-30,182,ok,4
hw_365d,21981,2011-07-01,2010-07-01,2011-06-30,365,ok,4
seasonal_naive,21981,2011-07-01,2011-06-24,2011-06-30,7,ok,0
weekday_mean_4w,21981,2011-07-01,2011-06-03,2011-06-30,28,ok,0
weekday_mean_8w,21981,2011-07-01,2011-05-06,2011-06-30,56,ok,0
hw_expanding,15036,2011-07-01,2009-12-01,2011-06-30,577,ok,0
hw_182d,15036,2011-07-01,2010-12-31,2011-06-30,182,ok,0
hw_365d,15036,2011-07-01,2010-07-01,2011-06-30,365,ok,0
seasonal_naive,15036,2011-07-01,2011-06-24,2011-06-30,7,ok,0
weekday_mean_4w,15036,2011-07-01,2011-06-03,2011-06-30,28,ok,0
weekday_mean_8w,15036,2011-07-01,2011-05-06,2011-06-30,56,ok,0
hw_expanding,21212,2011-09-01,2009-12-01,2011-08-31,639,ok,4
hw_182d,21212,2011-09-01,2011-03-03,2011-08-31,182,ok,4
hw_365d,21212,2011-09-01,2010-09-01,2011-08-31,365,ok,4
seasonal_naive,21212,2011-09-01,2011-08-25,2011-08-31,7,ok,0
weekday_mean_4w,21212,2011-09-01,2011-08-04,2011-08-31,28,ok,0
weekday_mean_8w,21212,2011-09-01,2011-07-07,2011-08-31,56,ok,0
hw_expanding,85123A,2011-09-01,2009-12-01,2011-08-31,639,ok,4
hw_182d,85123A,2011-09-01,2011-03-03,2011-08-31,182,ok,0
hw_365d,85123A,2011-09-01,2010-09-01,2011-08-31,365,ok,4
seasonal_naive,85123A,2011-09-01,2011-08-25,2011-08-31,7,ok,0
weekday_mean_4w,85123A,2011-09-01,2011-08-04,2011-08-31,28,ok,0
weekday_mean_8w,85123A,2011-09-01,2011-07-07,2011-08-31,56,ok,0
hw_expanding,84077,2011-09-01,2009-12-01,2011-08-31,639,ok,0
hw_182d,84077,2011-09-01,2011-03-03,2011-08-31,182,ok,4
hw_365d,84077,2011-09-01,2010-09-01,2011-08-31,365,ok,4
seasonal_naive,84077,2011-09-01,2011-08-25,2011-08-31,7,ok,0
weekday_mean_4w,84077,2011-09-01,2011-08-04,2011-08-31,28,ok,0
weekday_mean_8w,84077,2011-09-01,2011-07-07,2011-08-31,56,ok,0
hw_expanding,85099B,2011-09-01,2009-12-01,2011-08-31,639,ok,0
hw_182d,85099B,2011-09-01,2011-03-03,2011-08-31,182,ok,0
hw_365d,85099B,2011-09-01,2010-09-01,2011-08-31,365,ok,0
seasonal_naive,85099B,2011-09-01,2011-08-25,2011-08-31,7,ok,0
weekday_mean_4w,85099B,2011-09-01,2011-08-04,2011-08-31,28,ok,0
weekday_mean_8w,85099B,2011-09-01,2011-07-07,2011-08-31,56,ok,0
hw_expanding,17003,2011-09-01,2009-12-01,2011-08-31,639,ok,4
hw_182d,17003,2011-09-01,2011-03-03,2011-08-31,182,ok,0
hw_365d,17003,2011-09-01,2010-09-01,2011-08-31,365,ok,4
seasonal_naive,17003,2011-09-01,2011-08-25,2011-08-31,7,ok,0
weekday_mean_4w,17003,2011-09-01,2011-08-04,2011-08-31,28,ok,0
weekday_mean_8w,17003,2011-09-01,2011-07-07,2011-08-31,56,ok,0
hw_expanding,84879,2011-09-01,2009-12-01,2011-08-31,639,ok,0
hw_182d,84879,2011-09-01,2011-03-03,2011-08-31,182,ok,0
hw_365d,84879,2011-09-01,2010-09-01,2011-08-31,365,ok,0
seasonal_naive,84879,2011-09-01,2011-08-25,2011-08-31,7,ok,0
weekday_mean_4w,84879,2011-09-01,2011-08-04,2011-08-31,28,ok,0
weekday_mean_8w,84879,2011-09-01,2011-07-07,2011-08-31,56,ok,0
hw_expanding,84991,2011-09-01,2009-12-01,2011-08-31,639,ok,4
hw_182d,84991,2011-09-01,2011-03-03,2011-08-31,182,ok,4
hw_365d,84991,2011-09-01,2010-09-01,2011-08-31,365,ok,4
seasonal_naive,84991,2011-09-01,2011-08-25,2011-08-31,7,ok,0
weekday_mean_4w,84991,2011-09-01,2011-08-04,2011-08-31,28,ok,0
weekday_mean_8w,84991,2011-09-01,2011-07-07,2011-08-31,56,ok,0
hw_expanding,22197,2011-09-01,2009-12-01,2011-08-31,639,ok,0
hw_182d,22197,2011-09-01,2011-03-03,2011-08-31,182,ok,4
hw_365d,22197,2011-09-01,2010-09-01,2011-08-31,365,ok,4
seasonal_naive,22197,2011-09-01,2011-08-25,2011-08-31,7,ok,0
weekday_mean_4w,22197,2011-09-01,2011-08-04,2011-08-31,28,ok,0
weekday_mean_8w,22197,2011-09-01,2011-07-07,2011-08-31,56,ok,0
hw_expanding,21977,2011-09-01,2009-12-01,2011-08-31,639,ok,0
hw_182d,21977,2011-09-01,2011-03-03,2011-08-31,182,ok,0
hw_365d,21977,2011-09-01,2010-09-01,2011-08-31,365,ok,0
seasonal_naive,21977,2011-09-01,2011-08-25,2011-08-31,7,ok,0
weekday_mean_4w,21977,2011-09-01,2011-08-04,2011-08-31,28,ok,0
weekday_mean_8w,21977,2011-09-01,2011-07-07,2011-08-31,56,ok,0
hw_expanding,21232,2011-09-01,2009-12-01,2011-08-31,639,ok,4
hw_182d,21232,2011-09-01,2011-03-03,2011-08-31,182,ok,4
hw_365d,21232,2011-09-01,2010-09-01,2011-08-31,365,ok,8
seasonal_naive,21232,2011-09-01,2011-08-25,2011-08-31,7,ok,0
weekday_mean_4w,21232,2011-09-01,2011-08-04,2011-08-31,28,ok,0
weekday_mean_8w,21232,2011-09-01,2011-07-07,2011-08-31,56,ok,0
hw_expanding,21213,2011-09-01,2009-12-01,2011-08-31,639,ok,4
hw_182d,21213,2011-09-01,2011-03-03,2011-08-31,182,ok,0
hw_365d,21213,2011-09-01,2010-09-01,2011-08-31,365,ok,4
seasonal_naive,21213,2011-09-01,2011-08-25,2011-08-31,7,ok,0
weekday_mean_4w,21213,2011-09-01,2011-08-04,2011-08-31,28,ok,0
weekday_mean_8w,21213,2011-09-01,2011-07-07,2011-08-31,56,ok,0
hw_expanding,21982,2011-09-01,2009-12-01,2011-08-31,639,ok,12
hw_182d,21982,2011-09-01,2011-03-03,2011-08-31,182,ok,0
hw_365d,21982,2011-09-01,2010-09-01,2011-08-31,365,ok,4
seasonal_naive,21982,2011-09-01,2011-08-25,2011-08-31,7,ok,0
weekday_mean_4w,21982,2011-09-01,2011-08-04,2011-08-31,28,ok,0
weekday_mean_8w,21982,2011-09-01,2011-07-07,2011-08-31,56,ok,0
hw_expanding,21980,2011-09-01,2009-12-01,2011-08-31,639,ok,4
hw_182d,21980,2011-09-01,2011-03-03,2011-08-31,182,ok,4
hw_365d,21980,2011-09-01,2010-09-01,2011-08-31,365,ok,0
seasonal_naive,21980,2011-09-01,2011-08-25,2011-08-31,7,ok,0
weekday_mean_4w,21980,2011-09-01,2011-08-04,2011-08-31,28,ok,0
weekday_mean_8w,21980,2011-09-01,2011-07-07,2011-08-31,56,ok,0
hw_expanding,84755,2011-09-01,2009-12-01,2011-08-31,639,ok,4
hw_182d,84755,2011-09-01,2011-03-03,2011-08-31,182,ok,4
hw_365d,84755,2011-09-01,2010-09-01,2011-08-31,365,ok,0
seasonal_naive,84755,2011-09-01,2011-08-25,2011-08-31,7,ok,0
weekday_mean_4w,84755,2011-09-01,2011-08-04,2011-08-31,28,ok,0
weekday_mean_8w,84755,2011-09-01,2011-07-07,2011-08-31,56,ok,0
hw_expanding,84347,2011-09-01,2009-12-01,2011-08-31,639,ok,16
hw_182d,84347,2011-09-01,2011-03-03,2011-08-31,182,ok,4
hw_365d,84347,2011-09-01,2010-09-01,2011-08-31,365,ok,20
seasonal_naive,84347,2011-09-01,2011-08-25,2011-08-31,7,ok,0
weekday_mean_4w,84347,2011-09-01,2011-08-04,2011-08-31,28,ok,0
weekday_mean_8w,84347,2011-09-01,2011-07-07,2011-08-31,56,ok,0
hw_expanding,84992,2011-09-01,2009-12-01,2011-08-31,639,ok,4
hw_182d,84992,2011-09-01,2011-03-03,2011-08-31,182,ok,0
hw_365d,84992,2011-09-01,2010-09-01,2011-08-31,365,ok,0
seasonal_naive,84992,2011-09-01,2011-08-25,2011-08-31,7,ok,0
weekday_mean_4w,84992,2011-09-01,2011-08-04,2011-08-31,28,ok,0
weekday_mean_8w,84992,2011-09-01,2011-07-07,2011-08-31,56,ok,0
hw_expanding,21984,2011-09-01,2009-12-01,2011-08-31,639,ok,16
hw_182d,21984,2011-09-01,2011-03-03,2011-08-31,182,ok,0
hw_365d,21984,2011-09-01,2010-09-01,2011-08-31,365,ok,4
seasonal_naive,21984,2011-09-01,2011-08-25,2011-08-31,7,ok,0
weekday_mean_4w,21984,2011-09-01,2011-08-04,2011-08-31,28,ok,0
weekday_mean_8w,21984,2011-09-01,2011-07-07,2011-08-31,56,ok,0
hw_expanding,20725,2011-09-01,2009-12-01,2011-08-31,639,ok,0
hw_182d,20725,2011-09-01,2011-03-03,2011-08-31,182,ok,4
hw_365d,20725,2011-09-01,2010-09-01,2011-08-31,365,ok,0
seasonal_naive,20725,2011-09-01,2011-08-25,2011-08-31,7,ok,0
weekday_mean_4w,20725,2011-09-01,2011-08-04,2011-08-31,28,ok,0
weekday_mean_8w,20725,2011-09-01,2011-07-07,2011-08-31,56,ok,0
hw_expanding,21981,2011-09-01,2009-12-01,2011-08-31,639,ok,12
hw_182d,21981,2011-09-01,2011-03-03,2011-08-31,182,ok,4
hw_365d,21981,2011-09-01,2010-09-01,2011-08-31,365,ok,4
seasonal_naive,21981,2011-09-01,2011-08-25,2011-08-31,7,ok,0
weekday_mean_4w,21981,2011-09-01,2011-08-04,2011-08-31,28,ok,0
weekday_mean_8w,21981,2011-09-01,2011-07-07,2011-08-31,56,ok,0
hw_expanding,15036,2011-09-01,2009-12-01,2011-08-31,639,ok,4
hw_182d,15036,2011-09-01,2011-03-03,2011-08-31,182,ok,0
hw_365d,15036,2011-09-01,2010-09-01,2011-08-31,365,ok,0
seasonal_naive,15036,2011-09-01,2011-08-25,2011-08-31,7,ok,0
weekday_mean_4w,15036,2011-09-01,2011-08-04,2011-08-31,28,ok,0
weekday_mean_8w,15036,2011-09-01,2011-07-07,2011-08-31,56,ok,0
hw_expanding,21212,2011-11-01,2009-12-01,2011-10-31,700,ok,4
hw_182d,21212,2011-11-01,2011-05-03,2011-10-31,182,ok,0
hw_365d,21212,2011-11-01,2010-11-01,2011-10-31,365,ok,4
seasonal_naive,21212,2011-11-01,2011-10-25,2011-10-31,7,ok,0
weekday_mean_4w,21212,2011-11-01,2011-10-04,2011-10-31,28,ok,0
weekday_mean_8w,21212,2011-11-01,2011-09-06,2011-10-31,56,ok,0
hw_expanding,85123A,2011-11-01,2009-12-01,2011-10-31,700,ok,4
hw_182d,85123A,2011-11-01,2011-05-03,2011-10-31,182,ok,4
hw_365d,85123A,2011-11-01,2010-11-01,2011-10-31,365,ok,4
seasonal_naive,85123A,2011-11-01,2011-10-25,2011-10-31,7,ok,0
weekday_mean_4w,85123A,2011-11-01,2011-10-04,2011-10-31,28,ok,0
weekday_mean_8w,85123A,2011-11-01,2011-09-06,2011-10-31,56,ok,0
hw_expanding,84077,2011-11-01,2009-12-01,2011-10-31,700,ok,0
hw_182d,84077,2011-11-01,2011-05-03,2011-10-31,182,ok,4
hw_365d,84077,2011-11-01,2010-11-01,2011-10-31,365,ok,0
seasonal_naive,84077,2011-11-01,2011-10-25,2011-10-31,7,ok,0
weekday_mean_4w,84077,2011-11-01,2011-10-04,2011-10-31,28,ok,0
weekday_mean_8w,84077,2011-11-01,2011-09-06,2011-10-31,56,ok,0
hw_expanding,85099B,2011-11-01,2009-12-01,2011-10-31,700,ok,0
hw_182d,85099B,2011-11-01,2011-05-03,2011-10-31,182,ok,0
hw_365d,85099B,2011-11-01,2010-11-01,2011-10-31,365,ok,0
seasonal_naive,85099B,2011-11-01,2011-10-25,2011-10-31,7,ok,0
weekday_mean_4w,85099B,2011-11-01,2011-10-04,2011-10-31,28,ok,0
weekday_mean_8w,85099B,2011-11-01,2011-09-06,2011-10-31,56,ok,0
hw_expanding,17003,2011-11-01,2009-12-01,2011-10-31,700,ok,4
hw_182d,17003,2011-11-01,2011-05-03,2011-10-31,182,ok,4
hw_365d,17003,2011-11-01,2010-11-01,2011-10-31,365,ok,0
seasonal_naive,17003,2011-11-01,2011-10-25,2011-10-31,7,ok,0
weekday_mean_4w,17003,2011-11-01,2011-10-04,2011-10-31,28,ok,0
weekday_mean_8w,17003,2011-11-01,2011-09-06,2011-10-31,56,ok,0
hw_expanding,84879,2011-11-01,2009-12-01,2011-10-31,700,ok,4
hw_182d,84879,2011-11-01,2011-05-03,2011-10-31,182,ok,0
hw_365d,84879,2011-11-01,2010-11-01,2011-10-31,365,ok,4
seasonal_naive,84879,2011-11-01,2011-10-25,2011-10-31,7,ok,0
weekday_mean_4w,84879,2011-11-01,2011-10-04,2011-10-31,28,ok,0
weekday_mean_8w,84879,2011-11-01,2011-09-06,2011-10-31,56,ok,0
hw_expanding,84991,2011-11-01,2009-12-01,2011-10-31,700,ok,4
hw_182d,84991,2011-11-01,2011-05-03,2011-10-31,182,ok,0
hw_365d,84991,2011-11-01,2010-11-01,2011-10-31,365,ok,0
seasonal_naive,84991,2011-11-01,2011-10-25,2011-10-31,7,ok,0
weekday_mean_4w,84991,2011-11-01,2011-10-04,2011-10-31,28,ok,0
weekday_mean_8w,84991,2011-11-01,2011-09-06,2011-10-31,56,ok,0
hw_expanding,22197,2011-11-01,2009-12-01,2011-10-31,700,ok,0
hw_182d,22197,2011-11-01,2011-05-03,2011-10-31,182,ok,4
hw_365d,22197,2011-11-01,2010-11-01,2011-10-31,365,ok,0
seasonal_naive,22197,2011-11-01,2011-10-25,2011-10-31,7,ok,0
weekday_mean_4w,22197,2011-11-01,2011-10-04,2011-10-31,28,ok,0
weekday_mean_8w,22197,2011-11-01,2011-09-06,2011-10-31,56,ok,0
hw_expanding,21977,2011-11-01,2009-12-01,2011-10-31,700,ok,0
hw_182d,21977,2011-11-01,2011-05-03,2011-10-31,182,ok,0
hw_365d,21977,2011-11-01,2010-11-01,2011-10-31,365,ok,4
seasonal_naive,21977,2011-11-01,2011-10-25,2011-10-31,7,ok,0
weekday_mean_4w,21977,2011-11-01,2011-10-04,2011-10-31,28,ok,0
weekday_mean_8w,21977,2011-11-01,2011-09-06,2011-10-31,56,ok,0
hw_expanding,21232,2011-11-01,2009-12-01,2011-10-31,700,ok,4
hw_182d,21232,2011-11-01,2011-05-03,2011-10-31,182,ok,4
hw_365d,21232,2011-11-01,2010-11-01,2011-10-31,365,ok,4
seasonal_naive,21232,2011-11-01,2011-10-25,2011-10-31,7,ok,0
weekday_mean_4w,21232,2011-11-01,2011-10-04,2011-10-31,28,ok,0
weekday_mean_8w,21232,2011-11-01,2011-09-06,2011-10-31,56,ok,0
hw_expanding,21213,2011-11-01,2009-12-01,2011-10-31,700,ok,4
hw_182d,21213,2011-11-01,2011-05-03,2011-10-31,182,ok,4
hw_365d,21213,2011-11-01,2010-11-01,2011-10-31,365,ok,4
seasonal_naive,21213,2011-11-01,2011-10-25,2011-10-31,7,ok,0
weekday_mean_4w,21213,2011-11-01,2011-10-04,2011-10-31,28,ok,0
weekday_mean_8w,21213,2011-11-01,2011-09-06,2011-10-31,56,ok,0
hw_expanding,21982,2011-11-01,2009-12-01,2011-10-31,700,ok,0
hw_182d,21982,2011-11-01,2011-05-03,2011-10-31,182,ok,4
hw_365d,21982,2011-11-01,2010-11-01,2011-10-31,365,ok,4
seasonal_naive,21982,2011-11-01,2011-10-25,2011-10-31,7,ok,0
weekday_mean_4w,21982,2011-11-01,2011-10-04,2011-10-31,28,ok,0
weekday_mean_8w,21982,2011-11-01,2011-09-06,2011-10-31,56,ok,0
hw_expanding,21980,2011-11-01,2009-12-01,2011-10-31,700,ok,4
hw_182d,21980,2011-11-01,2011-05-03,2011-10-31,182,ok,0
hw_365d,21980,2011-11-01,2010-11-01,2011-10-31,365,ok,4
seasonal_naive,21980,2011-11-01,2011-10-25,2011-10-31,7,ok,0
weekday_mean_4w,21980,2011-11-01,2011-10-04,2011-10-31,28,ok,0
weekday_mean_8w,21980,2011-11-01,2011-09-06,2011-10-31,56,ok,0
hw_expanding,84755,2011-11-01,2009-12-01,2011-10-31,700,ok,4
hw_182d,84755,2011-11-01,2011-05-03,2011-10-31,182,ok,4
hw_365d,84755,2011-11-01,2010-11-01,2011-10-31,365,ok,4
seasonal_naive,84755,2011-11-01,2011-10-25,2011-10-31,7,ok,0
weekday_mean_4w,84755,2011-11-01,2011-10-04,2011-10-31,28,ok,0
weekday_mean_8w,84755,2011-11-01,2011-09-06,2011-10-31,56,ok,0
hw_expanding,84347,2011-11-01,2009-12-01,2011-10-31,700,ok,0
hw_182d,84347,2011-11-01,2011-05-03,2011-10-31,182,ok,0
hw_365d,84347,2011-11-01,2010-11-01,2011-10-31,365,ok,8
seasonal_naive,84347,2011-11-01,2011-10-25,2011-10-31,7,ok,0
weekday_mean_4w,84347,2011-11-01,2011-10-04,2011-10-31,28,ok,0
weekday_mean_8w,84347,2011-11-01,2011-09-06,2011-10-31,56,ok,0
hw_expanding,84992,2011-11-01,2009-12-01,2011-10-31,700,ok,4
hw_182d,84992,2011-11-01,2011-05-03,2011-10-31,182,ok,4
hw_365d,84992,2011-11-01,2010-11-01,2011-10-31,365,ok,4
seasonal_naive,84992,2011-11-01,2011-10-25,2011-10-31,7,ok,0
weekday_mean_4w,84992,2011-11-01,2011-10-04,2011-10-31,28,ok,0
weekday_mean_8w,84992,2011-11-01,2011-09-06,2011-10-31,56,ok,0
hw_expanding,21984,2011-11-01,2009-12-01,2011-10-31,700,ok,4
hw_182d,21984,2011-11-01,2011-05-03,2011-10-31,182,ok,0
hw_365d,21984,2011-11-01,2010-11-01,2011-10-31,365,ok,0
seasonal_naive,21984,2011-11-01,2011-10-25,2011-10-31,7,ok,0
weekday_mean_4w,21984,2011-11-01,2011-10-04,2011-10-31,28,ok,0
weekday_mean_8w,21984,2011-11-01,2011-09-06,2011-10-31,56,ok,0
hw_expanding,20725,2011-11-01,2009-12-01,2011-10-31,700,ok,4
hw_182d,20725,2011-11-01,2011-05-03,2011-10-31,182,ok,4
hw_365d,20725,2011-11-01,2010-11-01,2011-10-31,365,ok,4
seasonal_naive,20725,2011-11-01,2011-10-25,2011-10-31,7,ok,0
weekday_mean_4w,20725,2011-11-01,2011-10-04,2011-10-31,28,ok,0
weekday_mean_8w,20725,2011-11-01,2011-09-06,2011-10-31,56,ok,0
hw_expanding,21981,2011-11-01,2009-12-01,2011-10-31,700,ok,4
hw_182d,21981,2011-11-01,2011-05-03,2011-10-31,182,ok,4
hw_365d,21981,2011-11-01,2010-11-01,2011-10-31,365,ok,0
seasonal_naive,21981,2011-11-01,2011-10-25,2011-10-31,7,ok,0
weekday_mean_4w,21981,2011-11-01,2011-10-04,2011-10-31,28,ok,0
weekday_mean_8w,21981,2011-11-01,2011-09-06,2011-10-31,56,ok,0
hw_expanding,15036,2011-11-01,2009-12-01,2011-10-31,700,ok,4
hw_182d,15036,2011-11-01,2011-05-03,2011-10-31,182,ok,8
hw_365d,15036,2011-11-01,2010-11-01,2011-10-31,365,ok,8
seasonal_naive,15036,2011-11-01,2011-10-25,2011-10-31,7,ok,0
weekday_mean_4w,15036,2011-11-01,2011-10-04,2011-10-31,28,ok,0
weekday_mean_8w,15036,2011-11-01,2011-09-06,2011-10-31,56,ok,0
