model,baseline,model_wape,baseline_wape,relative_wape_reduction_pct,error_reduction_units,wins,losses,ties,undefined,comparable_products,win_pct
hw_expanding,hw_182d,104.51904083308533,103.97687999441006,-0.521424415412753,-1193.0411903300846,11,9,0,0,20,55.0
hw_expanding,hw_365d,104.51904083308533,107.65276528826755,2.91095583730792,6895.854675362149,12,8,0,0,20,60.0
hw_expanding,seasonal_naive,104.51904083308533,110.41658145992102,5.34117299128336,12977.71507557077,8,12,0,0,20,40.0
hw_expanding,weekday_mean_4w,104.51904083308533,103.55868813422221,-0.9273511630607059,-2113.28492442923,12,8,0,0,20,60.0
hw_expanding,weekday_mean_8w,104.51904083308533,104.90609080539689,0.36894899937654224,851.7150755707698,12,8,0,0,20,60.0
hw_182d,hw_365d,103.97687999441006,107.65276528826755,3.414575820708717,8088.895865692233,13,7,0,0,20,65.0
hw_182d,hw_expanding,103.97687999441006,104.51904083308533,0.5187196843310986,1193.0411903300846,9,11,0,0,20,45.0
hw_182d,seasonal_naive,103.97687999441006,110.41658145992102,5.8321869599344955,14170.756265900854,10,10,0,0,20,50.0
hw_182d,weekday_mean_4w,103.97687999441006,103.55868813422221,-0.4038211257039379,-920.2437340991455,11,9,0,0,20,55.0
hw_182d,weekday_mean_8w,103.97687999441006,104.90609080539689,0.8857548726227321,2044.7562659008545,14,6,0,0,20,70.0
hw_365d,hw_182d,107.65276528826755,103.97687999441006,-3.5352910128243042,-8088.895865692233,7,13,0,0,20,35.0
hw_365d,hw_expanding,107.65276528826755,104.51904083308533,-2.9982330781112974,-6895.854675362149,8,12,0,0,20,40.0
hw_365d,seasonal_naive,107.65276528826755,110.41658145992102,2.5030807285558674,6081.860400208621,9,11,0,0,20,45.0
hw_365d,weekday_mean_4w,107.65276528826755,103.55868813422221,-3.953388390493139,-9009.139599791379,8,12,0,0,20,40.0
hw_365d,weekday_mean_8w,107.65276528826755,104.90609080539689,-2.618222127794087,-6044.139599791379,10,10,0,0,20,50.0
