model,mae,wape,signed_bias,percentage_bias,overprediction_units,underprediction_units,absolute_error_sum,actual_units,observations,mean_product_wape,forecast_start
hw_182d,77.84942295833592,164.10945551164357,24.116511617917702,50.838496164253385,28550.46168135101,15045.2151753171,43595.67685666811,26565.0,560,728.4651841841389,2011-01-01
hw_365d,85.2449698840374,179.69954125752287,36.87852069743877,77.74128210263773,34194.57736281333,13542.605772247618,47737.18313506094,26565.0,560,965.8436921055714,2011-01-01
hw_expanding,75.71698034019641,159.61418780542064,22.436531053813532,47.29703515955422,27482.98319032279,14918.525800187206,42401.508990509996,26565.0,560,639.2764139677168,2011-01-01
seasonal_naive,47.4375,100.0,-47.4375,-100.0,0.0,26565.0,26565.0,26565.0,560,100.0,2011-01-01
weekday_mean_4w,58.20446428571429,122.69715791454922,-3.7232142857142856,-7.848673066064371,15254.75,17339.75,32594.5,26565.0,560,392.5324444736662,2011-01-01
weekday_mean_8w,84.92455357142858,179.02409185017882,39.38125,83.0171277997365,34805.625,12752.125,47557.75,26565.0,560,591.6134156680786,2011-01-01
hw_182d,70.67692051458894,118.77048219952529,11.050896682152393,18.570706223758673,22883.788815087573,16695.286673082235,39579.07548816981,33324.0,560,2243.933132359035,2011-03-01
hw_365d,70.37609415209225,118.26495236217639,14.735801251255076,24.763079764442573,23831.33071293725,15579.282012234411,39410.61272517166,33324.0,560,1165.0766791300853,2011-03-01
hw_expanding,67.80725716542018,113.94809750520737,12.047047463913422,20.244708257686703,22359.205296213408,15612.858716421892,37972.0640126353,33324.0,560,1370.2651991160296,2011-03-01
seasonal_naive,63.482142857142854,106.67987036370184,-14.092857142857143,-23.682631136718282,13829.0,21721.0,35550.0,33324.0,560,133.70878529882845,2011-03-01
weekday_mean_4w,61.70178571428571,103.68803264914176,-9.817857142857143,-16.498619613491776,14527.5,20025.5,34553.0,33324.0,560,147.18499974315895,2011-03-01
weekday_mean_8w,58.06964285714286,97.58432361061097,-8.533928571428572,-14.341015484335614,13870.0,18649.0,32519.0,33324.0,560,129.9030096007114,2011-03-01
hw_182d,79.1215685584524,95.02054126685253,-14.852426319151018,-17.836926310796848,17995.35982700438,26312.71856572895,44308.07839273334,46630.0,560,235.96276645881798,2011-05-01
hw_365d,77.31344176670086,92.84908297094677,-11.117193992249112,-13.351122958737944,18534.94937684649,24760.57801250599,43295.52738935248,46630.0,560,211.7304525480719,2011-05-01
hw_expanding,81.5928764787075,97.98844269370835,-8.38240232646074,-10.066792414364174,20498.93276262909,25193.07806544711,45692.0108280762,46630.0,560,335.1731714141825,2011-05-01
seasonal_naive,86.56785714285714,103.96311387518764,-35.21785714285714,-42.29466009007077,14378.0,34100.0,48478.0,46630.0,560,109.12592905450383,2011-05-01
weekday_mean_4w,84.54375,101.53227535921081,-17.53392857142857,-21.057259275144755,18762.75,28581.75,47344.5,46630.0,560,115.23290077711235,2011-05-01
weekday_mean_8w,77.49598214285714,93.06830366716706,-15.617857142857142,-18.756165558653226,17325.875,26071.875,43397.75,46630.0,560,107.24171798123314,2011-05-01
hw_182d,56.23316251430697,101.53335807838756,4.573913704874437,8.258557713137789,17025.981341370796,14464.58966664111,31490.571008011902,31015.0,560,116.3539025659287,2011-07-01
hw_365d,60.91511965352441,109.98699663380192,11.4315357414637,20.640528825470486,20257.063510596665,13855.403495376995,34112.46700597367,31015.0,560,145.26627901410473,2011-07-01
hw_expanding,62.19576225593217,112.29929667361604,13.374420538400118,24.14855876673889,21159.651182413043,13669.975680908978,34829.62686332202,31015.0,560,197.56002205686838,2011-07-01
seasonal_naive,50.2625,90.75286151862002,-24.65535714285714,-44.517169111720136,7170.0,20977.0,28147.0,31015.0,560,97.55806073652404,2011-07-01
weekday_mean_4w,57.394642857142856,103.63050137030469,-7.330357142857143,-13.235531194583267,14018.0,18123.0,32141.0,31015.0,560,107.77456726808528,2011-07-01
weekday_mean_8w,63.39017857142857,114.45590843140415,8.833035714285714,15.948734483314524,20222.5,15276.0,35498.5,31015.0,560,122.16115788319823,2011-07-01
hw_182d,57.08846492281101,89.4903716178876,-4.381414927493243,-6.8681904585046905,14757.973998688976,17211.56635808519,31969.540356774167,35724.0,560,110.20590687260717,2011-09-01
hw_365d,56.31299166692364,88.27476019896214,1.022347451580524,1.602604895546673,16053.894953181165,15481.38038029607,31535.275333477235,35724.0,560,105.76979883846336,2011-09-01
hw_expanding,56.72135649034502,88.91490212348342,0.6026763815988866,0.9447395971766221,16050.729204144296,15713.230430448919,31763.959634593215,35724.0,560,110.1525893081014,2011-09-01
seasonal_naive,57.107142857142854,89.51965065502183,-33.9,-53.14074571716493,6498.0,25482.0,31980.0,35724.0,560,96.1193180701869,2011-09-01
weekday_mean_4w,68.42678571428571,107.26402418542156,1.394642857142857,2.1862053521442166,19550.0,18769.0,38319.0,35724.0,560,108.87255959427827,2011-09-01
weekday_mean_8w,58.191071428571426,91.21878848953085,-4.766964285714286,-7.472567461650431,14958.75,17628.25,32587.0,35724.0,560,99.41130097107319,2011-09-01
hw_182d,67.60946719953903,80.9088612709517,-21.640428193705464,-25.897296267710352,12871.330921633398,24989.970710108457,37861.30163174185,46795.0,560,104.07126128376244,2011-11-01
hw_365d,72.8608464477775,87.19323434289005,-6.090274003476976,-7.288286017623905,18695.760284404147,22106.31372635125,40802.0740107554,46795.0,560,113.48665186487995,2011-11-01
hw_expanding,66.67520463445086,79.79082080412968,-17.411520429834667,-20.836524074596458,13793.831577292534,23544.283017999947,37338.114595292485,46795.0,560,114.17964355173903,2011-11-01
seasonal_naive,129.02678571428572,154.40752217117213,21.180357142857144,25.346725077465543,42058.0,30197.0,72255.0,46795.0,560,177.12576701742722,2011-11-01
weekday_mean_4w,76.66428571428571,91.74484453467251,-11.014285714285714,-13.180895394807138,18382.0,24550.0,42932.0,46795.0,560,120.05432434596794,2011-11-01
weekday_mean_8w,70.15892857142858,83.95982476760338,-16.089285714285715,-19.25419382412651,15139.5,24149.5,39289.0,46795.0,560,112.5247316697257,2011-11-01
