baseline,product_id,outcome,model_wape,baseline_wape,error_reduction_units,relative_wape_reduction_pct,model
hw_182d,15036,win,118.37364022954118,130.88034963509273,1350.2243474233474,9.55583434825891,hw_expanding
hw_182d,17003,loss,167.050178409585,161.87635391463652,-664.5260181311787,-3.196158283671755,hw_expanding
hw_182d,20725,loss,69.42214344929019,69.41388028615656,-0.8186315716484387,-0.011904194232579181,hw_expanding
hw_182d,21212,win,91.119040201329,93.94079056155861,499.3651612498343,3.0037541129489913,hw_expanding
hw_182d,21213,win,121.95729282653143,122.70904043415928,48.71324497428304,0.6126260990780104,hw_expanding
hw_182d,21232,win,88.73844164717889,103.12312060388125,745.5579103258824,13.949033807808336,hw_expanding
hw_182d,21977,win,113.02676046754071,114.57132827256237,194.32207554977322,1.3481276932978976,hw_expanding
hw_182d,21980,loss,192.634843956338,119.91376220227377,-2280.533123807453,-60.64448351757685,hw_expanding
hw_182d,21981,loss,198.78986594765075,113.45413881871899,-2824.6125679676416,-75.21605471377663,hw_expanding
hw_182d,21982,loss,260.13250669749084,154.1393479320822,-3256.109837273354,-68.7645044483463,hw_expanding
hw_182d,21984,loss,342.8578357289691,154.887406090678,-3124.068540588398,-121.35940189239453,hw_expanding
hw_182d,22197,win,88.6631184092964,93.65761839387064,1304.1138909721776,5.332721534269864,hw_expanding
hw_182d,84077,win,94.71328906827199,117.73766557837179,4549.847042160822,19.555659097702833,hw_expanding
hw_182d,84347,win,290.75464182284475,301.1457438961928,383.7433995687443,3.45052264027014,hw_expanding
hw_182d,84755,loss,86.82964870682395,83.16342591135806,-305.1030610386706,-4.4084557066872465,hw_expanding
hw_182d,84879,win,66.98273504153349,72.37114199218401,865.539808482994,7.445518755573127,hw_expanding
hw_182d,84991,loss,109.34554077723236,101.12958883436282,-709.0366526696416,-8.124182089107673,hw_expanding
hw_182d,84992,win,119.26424330597686,120.90359113341943,116.2625479222279,1.3559132628521444,hw_expanding
hw_182d,85099B,loss,70.84903031569434,70.36177043811561,-112.77629866559437,-0.6925065622208525,hw_expanding
hw_182d,85123A,win,72.16711581174698,82.02152126076226,2026.8541127534609,12.014414384837142,hw_expanding
hw_365d,15036,win,118.37364022954118,123.75334208851054,580.792612694333,4.347116423830961,hw_expanding
hw_365d,17003,win,167.050178409585,176.16377785620003,1170.5507129232356,5.173367395682409,hw_expanding
hw_365d,20725,win,69.42214344929019,70.69891542771214,126.48979990226326,1.8059286633999574,hw_expanding
hw_365d,21212,win,91.119040201329,93.07613762611162,346.3475312637802,2.1026843987062613,hw_expanding
hw_365d,21213,loss,121.95729282653143,120.92112342334877,-67.14377732623598,-0.8568969373158996,hw_expanding
hw_365d,21232,win,88.73844164717889,104.18200530488384,800.4399043788471,14.823638316914785,hw_expanding
hw_365d,21977,win,113.02676046754071,117.19492597974426,524.3969030903281,3.5566091939201883,hw_expanding
hw_365d,21980,loss,192.634843956338,171.25360308767955,-670.515713641129,-12.485133441374385,hw_expanding
hw_365d,21981,loss,198.78986594765075,146.53819104012905,-1729.5304394389686,-35.657376781191964,hw_expanding
hw_365d,21982,loss,260.13250669749084,223.48116633507814,-1125.9291759333182,-16.400191999830195,hw_expanding
hw_365d,21984,loss,342.8578357289691,310.34651016073036,-540.3382309441276,-10.475814776006647,hw_expanding
hw_365d,22197,loss,88.6631184092964,87.91823612493818,-194.49621326877968,-0.8472443456437123,hw_expanding
hw_365d,84077,win,94.71328906827199,113.5489685804439,3722.1186284002906,16.588155531177502,hw_expanding
hw_365d,84347,win,290.75464182284475,312.5562974604723,805.1351426975871,6.9752731955063965,hw_expanding
hw_365d,84755,loss,86.82964870682395,82.73952197363398,-340.38034673606853,-4.943377282858044,hw_expanding
hw_365d,84879,win,66.98273504153349,70.08375080378902,498.11616189110646,4.4247285949882045,hw_expanding
hw_365d,84991,loss,109.34554077723236,106.32348793614446,-260.80316018588564,-2.842319133569881,hw_expanding
hw_365d,84992,win,119.26424330597686,121.24546570983988,140.50829288196473,1.634058966464282,hw_expanding
hw_365d,85099B,win,70.84903031569434,72.88654258016277,471.5822136112183,2.7954574223732953,hw_expanding
hw_365d,85123A,win,72.16711581174698,84.99536274436915,2638.5138291017265,15.092878621159862,hw_expanding
seasonal_naive,15036,loss,118.37364022954118,99.59244164505373,-2027.6181991812646,-18.85805616798052,hw_expanding
seasonal_naive,17003,loss,167.050178409585,150.04671441918404,-2183.9249149270945,-11.332113506263479,hw_expanding
seasonal_naive,20725,win,69.42214344929019,82.2549712324619,1271.348248478822,15.60127927940632,hw_expanding
seasonal_naive,21212,loss,91.119040201329,86.84522800474657,-756.336544429194,-4.9211825390669,hw_expanding
seasonal_naive,21213,win,121.95729282653143,124.04320987654322,135.16742484076258,1.6816051858766334,hw_expanding
seasonal_naive,21232,win,88.73844164717889,110.53443951379509,1129.686569426718,19.718739211497954,hw_expanding
seasonal_naive,21977,loss,113.02676046754071,95.7555043319291,-2172.896734421298,-18.03682854172239,hw_expanding
seasonal_naive,21980,loss,192.634843956338,118.17602040816327,-2335.028706470759,-63.006710913943856,hw_expanding
seasonal_naive,21981,loss,198.78986594765075,121.69184290030212,-2551.94456286724,-63.35512817445977,hw_expanding
seasonal_naive,21982,loss,260.13250669749084,118.29427083333333,-4357.270605746919,-119.90287852908419,hw_expanding
seasonal_naive,21984,loss,342.8578357289691,115.40312876052948,-3780.2972298154664,-197.0957888329232,hw_expanding
seasonal_naive,22197,win,88.6631184092964,124.5796790624641,9378.173152148614,28.83019198914389,hw_expanding
seasonal_naive,84077,win,94.71328906827199,208.68883153686554,22522.706947218772,54.61506570774939,hw_expanding
seasonal_naive,84347,loss,290.75464182284475,94.9634443541836,-7230.568922517656,-206.1753328348348,hw_expanding
seasonal_naive,84755,loss,86.82964870682395,85.0757029560202,-145.96336538188825,-2.0616294545464435,hw_expanding
seasonal_naive,84879,win,66.98273504153349,78.89559858058892,1913.563270278475,15.099528685224294,hw_expanding
seasonal_naive,84991,loss,109.34554077723236,107.46234067207416,-162.5201690751528,-1.752427960698213,hw_expanding
seasonal_naive,84992,loss,119.26424330597686,118.72532430908065,-38.22013525987859,-0.45392084631685886,hw_expanding
seasonal_naive,85099B,win,70.84903031569434,84.85201987470296,3240.991933432546,16.502835854333448,hw_expanding
seasonal_naive,85123A,win,72.16711581174698,77.65460910151693,1128.66761983988,7.066539067367154,hw_expanding
weekday_mean_4w,15036,win,118.37364022954118,129.9416450537236,1248.8818008187354,8.902461423664207,hw_expanding
weekday_mean_4w,17003,loss,167.050178409585,138.34864528184366,-3686.4249149270945,-20.7457999095478,hw_expanding
weekday_mean_4w,20725,win,69.42214344929019,75.67376602402342,619.3482484788219,8.261281158847824,hw_expanding
weekday_mean_4w,21212,win,91.119040201329,91.13974119907328,3.663455570806036,0.022713469965938,hw_expanding
weekday_mean_4w,21213,win,121.95729282653143,139.02006172839506,1105.6674248407626,12.27360187423837,hw_expanding
weekday_mean_4w,21232,win,88.73844164717889,88.88674512830407,7.6865694267180515,0.16684544012846142,hw_expanding
weekday_mean_4w,21977,win,113.02676046754071,115.2611080200302,281.1032655787021,1.938509520575846,hw_expanding
weekday_mean_4w,21980,loss,192.634843956338,132.01530612244898,-1901.028706470759,-45.918567789148774,hw_expanding
weekday_mean_4w,21981,loss,198.78986594765075,111.404833836858,-2892.44456286724,-78.43917458623024,hw_expanding
weekday_mean_4w,21982,loss,260.13250669749084,175.66731770833334,-2594.7706057469186,-48.08247207906825,hw_expanding
weekday_mean_4w,21984,loss,342.8578357289691,137.8158844765343,-3407.7972298154664,-148.7796214719697,hw_expanding
weekday_mean_4w,22197,win,88.6631184092964,99.48872122860097,2826.6731521486145,10.881236270420997,hw_expanding
weekday_mean_4w,84077,win,94.71328906827199,124.1156824047366,5810.206947218772,23.689507052448462,hw_expanding
weekday_mean_4w,84347,loss,290.75464182284475,130.58489033306256,-5915.068922517656,-122.65565417351283,hw_expanding
weekday_mean_4w,84755,loss,86.82964870682395,78.67700072098053,-678.4633653818883,-10.362174347184256,hw_expanding
weekday_mean_4w,84879,win,66.98273504153349,87.96924609350681,3371.063270278475,23.856645343607624,hw_expanding
weekday_mean_4w,84991,win,109.34554077723236,113.37775202780996,347.9798309248472,3.5564395822458703,hw_expanding
weekday_mean_4w,84992,loss,119.26424330597686,116.0815002820079,-225.7201352598786,-2.7418176162754837,hw_expanding
weekday_mean_4w,85099B,win,70.84903031569434,77.46813566645064,1531.991933432546,8.544294107264616,hw_expanding
weekday_mean_4w,85123A,win,72.16711581174698,82.05707895760405,2034.16761983988,12.052541074447527,hw_expanding
weekday_mean_8w,15036,win,118.37364022954118,127.90385327899222,1028.8818008187354,7.45107579258235,hw_expanding
weekday_mean_8w,17003,loss,167.050178409585,142.34467455621302,-3173.1749149270945,-17.356113904785087,hw_expanding
weekday_mean_8w,20725,win,69.42214344929019,75.82265065105481,634.0982484788219,8.441418424186395,hw_expanding
weekday_mean_8w,21212,win,91.119040201329,95.1842120133356,719.413455570806,4.2708467360501485,hw_expanding
weekday_mean_8w,21213,win,121.95729282653143,126.85570987654322,317.4174248407626,3.8614084102157937,hw_expanding
weekday_mean_8w,21232,win,88.73844164717889,103.49218599266834,764.686569426718,14.255901741735986,hw_expanding
weekday_mean_8w,21977,win,113.02676046754071,120.64422541928305,958.3532655787021,6.313990516552983,hw_expanding
weekday_mean_8w,21980,loss,192.634843956338,128.01339285714286,-2026.528706470759,-50.480226839475876,hw_expanding
weekday_mean_8w,21981,loss,198.78986594765075,115.30211480362537,-2763.44456286724,-72.40782294948882,hw_expanding
weekday_mean_8w,21982,loss,260.13250669749084,166.58528645833334,-2873.7706057469186,-56.15575194424853,hw_expanding
weekday_mean_8w,21984,loss,342.8578357289691,138.91395908543922,-3389.5472298154664,-146.8130906254669,hw_expanding
weekday_mean_8w,22197,win,88.6631184092964,107.50928727356286,4920.9231521486145,17.529805417006834,hw_expanding
weekday_mean_8w,84077,win,94.71328906827199,112.27797176256263,3470.9569472187723,15.643925890855211,hw_expanding
weekday_mean_8w,84347,loss,290.75464182284475,148.78147847278635,-5243.068922517656,-95.42394981377117,hw_expanding
weekday_mean_8w,84755,loss,86.82964870682395,82.8436673876472,-331.71336538188825,-4.811449619347843,hw_expanding
weekday_mean_8w,84879,win,66.98273504153349,91.13490630641847,3879.563270278475,26.50155932972522,hw_expanding
weekday_mean_8w,84991,loss,109.34554077723236,104.01216685979142,-460.2701690751528,-5.127644273222704,hw_expanding
weekday_mean_8w,84992,win,119.26424330597686,126.96700507614213,546.2798647401214,6.066742903438511,hw_expanding
weekday_mean_8w,85099B,win,70.84903031569434,77.44653272845107,1526.991933432546,8.51878345011184,hw_expanding
weekday_mean_8w,85123A,win,72.16711581174698,83.57156748346947,2345.66761983988,13.64632974483612,hw_expanding
hw_365d,15036,loss,130.88034963509273,123.75334208851054,-769.4317347290144,-5.759042484270714,hw_182d
hw_365d,17003,win,161.87635391463652,176.16377785620003,1835.0767310544143,8.110307417014026,hw_182d
hw_365d,20725,win,69.41388028615656,70.69891542771214,127.3084314739117,1.8176164850357543,hw_182d
hw_365d,21212,loss,93.94079056155861,93.07613762611162,-153.0176299860541,-0.9289738030603749,hw_182d
hw_365d,21213,loss,122.70904043415928,120.92112342334877,-115.85702230051902,-1.4785812107872562,hw_182d
hw_365d,21232,win,103.12312060388125,104.18200530488384,54.88199405296473,1.0163796501169466,hw_182d
hw_365d,21977,win,114.57132827256237,117.19492597974426,330.0748275405549,2.238661516485231,hw_182d
hw_365d,21980,win,119.91376220227377,171.25360308767955,1610.0174101663242,29.978838377561296,hw_182d
hw_365d,21981,win,113.45413881871899,146.53819104012905,1095.082128528673,22.57708518617518,hw_182d
hw_365d,21982,win,154.1393479320822,223.48116633507814,2130.180661340036,31.028036742491217,hw_182d
hw_365d,21984,win,154.887406090678,310.34651016073036,2583.73030964427,50.09210639731026,hw_182d
hw_365d,22197,loss,93.65761839387064,87.91823612493818,-1498.6101042409573,-6.528090782868279,hw_182d
hw_365d,84077,loss,117.73766557837179,113.5489685804439,-827.7284137605311,-3.6888903970628357,hw_182d
hw_365d,84347,win,301.1457438961928,312.5562974604723,421.3917431288428,3.6507194566196643,hw_182d
hw_365d,84755,loss,83.16342591135806,82.73952197363398,-35.27728569739793,-0.5123354928968041,hw_182d
hw_365d,84879,loss,72.37114199218401,70.08375080378902,-367.4236465918875,-3.2637967605342917,hw_182d
hw_365d,84991,win,101.12958883436282,106.32348793614446,448.233492483756,4.884996911407741,hw_182d
hw_365d,84992,win,120.90359113341943,121.24546570983988,24.24574495973684,0.2819689581123084,hw_182d
hw_365d,85099B,win,70.36177043811561,72.88654258016277,584.3585122768127,3.4639757253821393,hw_182d
hw_365d,85123A,win,82.02152126076226,84.99536274436915,611.6597163482656,3.4988279214137523,hw_182d
hw_expanding,15036,loss,130.88034963509273,118.37364022954118,-1350.2243474233474,-10.56545138030687,hw_182d
hw_expanding,17003,win,161.87635391463652,167.050178409585,664.5260181311787,3.0971678954229716,hw_182d
hw_expanding,20725,win,69.41388028615656,69.42214344929019,0.8186315716484387,0.01190277730284998,hw_182d
hw_expanding,21212,loss,93.94079056155861,91.119040201329,-499.3651612498343,-3.0967735766256004,hw_182d
hw_expanding,21213,loss,122.70904043415928,121.95729282653143,-48.71324497428304,-0.61640234069242,hw_182d
hw_expanding,21232,loss,103.12312060388125,88.73844164717889,-745.5579103258824,-16.21020010008218,hw_182d
hw_expanding,21977,loss,114.57132827256237,113.02676046754071,-194.32207554977322,-1.366550539564681,hw_182d
hw_expanding,21980,win,119.91376220227377,192.634843956338,2280.533123807453,37.75074138225323,hw_182d
hw_expanding,21981,win,113.45413881871899,198.78986594765075,2824.6125679676416,42.927604343474954,hw_182d
hw_expanding,21982,win,154.1393479320822,260.13250669749084,3256.109837273354,40.7458337718125,hw_182d
hw_expanding,21984,win,154.887406090678,342.8578357289691,3124.068540588398,54.824597850778794,hw_182d
hw_expanding,22197,loss,93.65761839387064,88.6631184092964,-1304.1138909721776,-5.6331201453101105,hw_182d
hw_expanding,84077,loss,117.73766557837179,94.71328906827199,-4549.847042160822,-24.30955226726757,hw_182d
hw_expanding,84347,loss,301.1457438961928,290.75464182284475,-383.7433995687443,-3.57383875566097,hw_182d
hw_expanding,84755,win,83.16342591135806,86.82964870682395,305.1030610386706,4.222316743264396,hw_182d
hw_expanding,84879,loss,72.37114199218401,66.98273504153349,-865.539808482994,-8.044471381034784,hw_182d
hw_expanding,84991,win,101.12958883436282,109.34554077723236,709.0366526696416,7.513751255396636,hw_182d
hw_expanding,84992,loss,120.90359113341943,119.26424330597686,-116.2625479222279,-1.3745509819206712,hw_182d
hw_expanding,85099B,win,70.36177043811561,70.84903031569434,112.77629866559437,0.68774389064685,hw_182d
hw_expanding,85123A,loss,82.02152126076226,72.16711581174698,-2026.8541127534609,-13.654980302553849,hw_182d
seasonal_naive,15036,loss,130.88034963509273,99.59244164505373,-3377.842546604612,-31.415946303986335,hw_182d
seasonal_naive,17003,loss,161.87635391463652,150.04671441918404,-1519.3988967959158,-7.883971029451625,hw_182d
seasonal_naive,20725,win,69.41388028615656,82.2549712324619,1272.1668800504704,15.611325071180149,hw_182d
seasonal_naive,21212,loss,93.94079056155861,86.84522800474657,-1255.7017056790282,-8.170353996219838,hw_182d
seasonal_naive,21213,win,122.70904043415928,124.04320987654322,86.45417986647954,1.0755682989111621,hw_182d
seasonal_naive,21232,win,103.12312060388125,110.53443951379509,384.12865910083565,6.704986194812963,hw_182d
seasonal_naive,21977,loss,114.57132827256237,95.7555043319291,-2367.218809971071,-19.649861459044335,hw_182d
seasonal_naive,21980,loss,119.91376220227377,118.17602040816327,-54.49558266330587,-1.4704690411037624,hw_182d
seasonal_naive,21981,win,113.45413881871899,121.69184290030212,272.6680051004014,6.769314923048701,hw_182d
seasonal_naive,21982,loss,154.1393479320822,118.29427083333333,-1101.1607684735645,-30.301617184192764,hw_182d
seasonal_naive,21984,loss,154.887406090678,115.40312876052948,-656.2286892270686,-34.21421737367407,hw_182d
seasonal_naive,22197,win,93.65761839387064,124.5796790624641,8074.059261176437,24.821111196705825,hw_182d
seasonal_naive,84077,win,117.73766557837179,208.68883153686554,17972.85990505795,43.582191384509684,hw_182d
seasonal_naive,84347,loss,301.1457438961928,94.9634443541836,-7614.3123220864,-217.11754553996008,hw_182d
seasonal_naive,84755,win,83.16342591135806,85.0757029560202,159.13969565678235,2.2477358143613375,hw_182d
seasonal_naive,84879,win,72.37114199218401,78.89559858058892,1048.0234617954811,8.269734567943516,hw_182d
seasonal_naive,84991,win,101.12958883436282,107.46234067207416,546.5164835944888,5.892996372595307,hw_182d
seasonal_naive,84992,loss,120.90359113341943,118.72532430908065,-154.48268318210648,-1.834711201687721,hw_182d
seasonal_naive,85099B,win,70.36177043811561,84.85201987470296,3353.7682320981403,17.077082499608643,hw_182d
seasonal_naive,85123A,loss,82.02152126076226,77.65460910151693,-898.1864929135809,-5.623506717465437,hw_182d
weekday_mean_4w,15036,loss,130.88034963509273,129.9416450537236,-101.34254660461193,-0.7224047232748481,hw_182d
weekday_mean_4w,17003,loss,161.87635391463652,138.34864528184366,-3021.898896795916,-17.006099759677625,hw_182d
weekday_mean_4w,20725,win,69.41388028615656,75.67376602402342,620.1668800504704,8.272200614251974,hw_182d
weekday_mean_4w,21212,loss,93.94079056155861,91.13974119907328,-495.70170567902824,-3.0733567219234224,hw_182d
weekday_mean_4w,21213,win,122.70904043415928,139.02006172839506,1056.9541798664795,11.732854302786023,hw_182d
weekday_mean_4w,21232,loss,103.12312060388125,88.88674512830407,-737.8713408991644,-16.016308680251033,hw_182d
weekday_mean_4w,21977,win,114.57132827256237,115.2611080200302,86.7811900289289,0.5984496933241069,hw_182d
weekday_mean_4w,21980,win,119.91376220227377,132.01530612244898,379.50441733669413,9.166773365620639,hw_182d
weekday_mean_4w,21981,loss,113.45413881871899,111.404833836858,-67.83199489959861,-1.8395117260908094,hw_182d
weekday_mean_4w,21982,win,154.1393479320822,175.66731770833334,661.3392315264355,12.254965839459567,hw_182d
weekday_mean_4w,21984,loss,154.887406090678,137.8158844765343,-283.72868922706857,-12.387194465272577,hw_182d
weekday_mean_4w,22197,win,93.65761839387064,99.48872122860097,1522.5592611764368,5.861069237518763,hw_182d
weekday_mean_4w,84077,win,117.73766557837179,124.1156824047366,1260.3599050579505,5.13876788395389,hw_182d
weekday_mean_4w,84347,loss,301.1457438961928,130.58489033306256,-6298.8123220864,-130.6130082340363,hw_182d
weekday_mean_4w,84755,loss,83.16342591135806,78.67700072098053,-373.36030434321765,-5.70233378149245,hw_182d
weekday_mean_4w,84879,win,72.37114199218401,87.96924609350681,2505.523461795481,17.731314969714322,hw_182d
weekday_mean_4w,84991,win,101.12958883436282,113.37775202780996,1057.0164835944888,10.802968813884084,hw_182d
weekday_mean_4w,84992,loss,120.90359113341943,116.0815002820079,-341.9826831821065,-4.154056279163143,hw_182d
weekday_mean_4w,85099B,win,70.36177043811561,77.46813566645064,1644.7682320981403,9.173275137189854,hw_182d
weekday_mean_4w,85123A,win,82.02152126076226,82.05707895760405,7.313507086419122,0.043332881566700045,hw_182d
weekday_mean_8w,15036,loss,130.88034963509273,127.90385327899222,-321.3425466046119,-2.327135797549417,hw_182d
weekday_mean_8w,17003,loss,161.87635391463652,142.34467455621302,-2508.648896795916,-13.721398021610067,hw_182d
weekday_mean_8w,20725,win,69.41388028615656,75.82265065105481,634.9168800504704,8.45231643825301,hw_182d
weekday_mean_8w,21212,win,93.94079056155861,95.1842120133356,220.04829432097176,1.3063316126447257,hw_182d
weekday_mean_8w,21213,win,122.70904043415928,126.85570987654322,268.70417986647954,3.268807881347638,hw_182d
weekday_mean_8w,21232,win,103.12312060388125,103.49218599266834,19.128659100835648,0.3566118400603093,hw_182d
weekday_mean_8w,21977,win,114.57132827256237,120.64422541928305,764.0311900289289,5.033723848460319,hw_182d
weekday_mean_8w,21980,win,119.91376220227377,128.01339285714286,254.00441733669413,6.32717442612267,hw_182d
weekday_mean_8w,21981,win,113.45413881871899,115.30211480362537,61.16800510040139,1.6027251434665613,hw_182d
weekday_mean_8w,21982,win,154.1393479320822,166.58528645833334,382.33923152643547,7.471211168078856,hw_182d
weekday_mean_8w,21984,loss,154.887406090678,138.91395908543922,-265.47868922706857,-11.49880624697645,hw_182d
weekday_mean_8w,22197,win,93.65761839387064,107.50928727356286,3616.809261176437,12.884160272075796,hw_182d
weekday_mean_8w,84077,loss,117.73766557837179,112.27797176256263,-1078.8900949420495,-4.862658035322305,hw_182d
weekday_mean_8w,84347,loss,301.1457438961928,148.78147847278635,-5626.8123220864,-102.40808667005918,hw_182d
weekday_mean_8w,84755,loss,83.16342591135806,82.8436673876472,-26.61030434321765,-0.3859782332119919,hw_182d
weekday_mean_8w,84879,win,72.37114199218401,91.13490630641847,3014.023461795481,20.588998304498134,hw_182d
weekday_mean_8w,84991,win,101.12958883436282,104.01216685979142,248.76648359448882,2.771385418125478,hw_182d
weekday_mean_8w,84992,win,120.90359113341943,126.96700507614213,430.0173168178935,4.775582395667658,hw_182d
weekday_mean_8w,85099B,win,70.36177043811561,77.44653272845107,1639.7682320981403,9.14793992802311,hw_182d
weekday_mean_8w,85123A,win,82.02152126076226,83.57156748346947,318.8135070864191,1.854753080961189,hw_182d
hw_182d,15036,win,123.75334208851054,130.88034963509273,769.4317347290144,5.445437429264966,hw_365d
hw_182d,17003,loss,176.16377785620003,161.87635391463652,-1835.0767310544143,-8.826134018991926,hw_365d
hw_182d,20725,loss,70.69891542771214,69.41388028615656,-127.3084314739117,-1.8512653899451592,hw_365d
hw_182d,21212,win,93.07613762611162,93.94079056155861,153.0176299860541,0.9204233116181813,hw_365d
hw_182d,21213,win,120.92112342334877,122.70904043415928,115.85702230051902,1.4570377247549475,hw_365d
hw_182d,21232,loss,104.18200530488384,103.12312060388125,-54.88199405296473,-1.0268159989746704,hw_365d
hw_182d,21977,loss,117.19492597974426,114.57132827256237,-330.0748275405549,-2.2899251904808264,hw_365d
hw_182d,21980,loss,171.25360308767955,119.91376220227377,-1610.0174101663242,-42.81396892443784,hw_365d
hw_182d,21981,loss,146.53819104012905,113.45413881871899,-1095.082128528673,-29.160727467398015,hw_365d
hw_182d,21982,loss,223.48116633507814,154.1393479320822,-2130.180661340036,-44.986448517707345,hw_365d
hw_182d,21984,loss,310.34651016073036,154.887406090678,-2583.73030964427,-100.36910552885084,hw_365d
hw_182d,22197,win,87.91823612493818,93.65761839387064,1498.6101042409573,6.128046353683566,hw_365d
hw_182d,84077,win,113.5489685804439,117.73766557837179,827.7284137605311,3.557652495784958,hw_365d
hw_182d,84347,loss,312.5562974604723,301.1457438961928,-421.3917431288428,-3.7890469301179297,hw_365d
hw_182d,84755,win,82.73952197363398,83.16342591135806,35.27728569739793,0.5097239959497417,hw_365d
hw_182d,84879,win,70.08375080378902,72.37114199218401,367.4236465918875,3.1606398979333874,hw_365d
hw_182d,84991,loss,106.32348793614446,101.12958883436282,-448.233492483756,-5.135884721422703,hw_365d
hw_182d,84992,loss,121.24546570983988,120.90359113341943,-24.24574495973684,-0.2827662712211637,hw_365d
hw_182d,85099B,loss,72.88654258016277,70.36177043811561,-584.3585122768127,-3.5882726178241002,hw_365d
hw_182d,85123A,loss,84.99536274436915,82.02152126076226,-611.6597163482656,-3.6256843788015996,hw_365d
hw_expanding,15036,loss,123.75334208851054,118.37364022954118,-580.792612694333,-4.544678907007882,hw_365d
hw_expanding,17003,loss,176.16377785620003,167.050178409585,-1170.5507129232356,-5.455605934325732,hw_365d
hw_expanding,20725,loss,70.69891542771214,69.42214344929019,-126.48979990226326,-1.839142260645659,hw_365d
hw_expanding,21212,loss,93.07613762611162,91.119040201329,-346.3475312637802,-2.147846839100125,hw_365d
hw_expanding,21213,win,120.92112342334877,121.95729282653143,67.14377732623598,0.8496165987026887,hw_365d
hw_expanding,21232,loss,104.18200530488384,88.73844164717889,-800.4399043788471,-17.4034650271503,hw_365d
hw_expanding,21977,loss,117.19492597974426,113.02676046754071,-524.3969030903281,-3.6877687150916505,hw_365d
hw_expanding,21980,win,171.25360308767955,192.634843956338,670.515713641129,11.099363141958182,hw_365d
hw_expanding,21981,win,146.53819104012905,198.78986594765075,1729.5304394389686,26.284878586960584,hw_365d
hw_expanding,21982,win,223.48116633507814,260.13250669749084,1125.9291759333182,14.089488786972208,hw_365d
hw_expanding,21984,win,310.34651016073036,342.8578357289691,540.3382309441276,9.482450794544224,hw_365d
hw_expanding,22197,win,87.91823612493818,88.6631184092964,194.49621326877968,0.8401264220367471,hw_365d
hw_expanding,84077,loss,113.5489685804439,94.71328906827199,-3722.1186284002906,-19.887050378532017,hw_365d
hw_expanding,84347,loss,312.5562974604723,290.75464182284475,-805.1351426975871,-7.4983001134376375,hw_365d
hw_expanding,84755,win,82.73952197363398,86.82964870682395,340.38034673606853,4.710518577588715,hw_365d
hw_expanding,84879,loss,70.08375080378902,66.98273504153349,-498.11616189110646,-4.6295747110545795,hw_365d
hw_expanding,84991,win,106.32348793614446,109.34554077723236,260.80316018588564,2.7637641367055568,hw_365d
hw_expanding,84992,loss,121.24546570983988,119.26424330597686,-140.50829288196473,-1.6612040196994458,hw_365d
hw_expanding,85099B,loss,72.88654258016277,70.84903031569434,-471.5822136112183,-2.8758506014684113,hw_365d
hw_expanding,85123A,loss,84.99536274436915,72.16711581174698,-2638.5138291017265,-17.77575116911358,hw_365d
seasonal_naive,15036,loss,123.75334208851054,99.59244164505373,-2608.4108118755976,-24.259773175926316,hw_365d
seasonal_naive,17003,loss,176.16377785620003,150.04671441918404,-3354.47562785033,-17.405954897521447,hw_365d
seasonal_naive,20725,win,70.69891542771214,82.2549712324619,1144.8584485765587,14.049066739189579,hw_365d
seasonal_naive,21212,loss,93.07613762611162,86.84522800474657,-1102.6840756929741,-7.174728841778721,hw_365d
seasonal_naive,21213,win,120.92112342334877,124.04320987654322,202.31120216699856,2.516934587795469,hw_365d
seasonal_naive,21232,win,104.18200530488384,110.53443951379509,329.2466650478709,5.7470180668156745,hw_365d
seasonal_naive,21977,loss,117.19492597974426,95.7555043319291,-2697.293637511626,-22.3897537769704,hw_365d
seasonal_naive,21980,loss,171.25360308767955,118.17602040816327,-1664.51299282963,-44.91400412384324,hw_365d
seasonal_naive,21981,loss,146.53819104012905,121.69184290030212,-822.4141234282715,-20.417431068229178,hw_365d
seasonal_naive,21982,loss,223.48116633507814,118.29427083333333,-3231.3414298136004,-88.91968711649976,hw_365d
seasonal_naive,21984,loss,310.34651016073036,115.40312876052948,-3239.9589988713387,-168.92382684417825,hw_365d
seasonal_naive,22197,win,87.91823612493818,124.5796790624641,9572.669365417394,29.428108350755917,hw_365d
seasonal_naive,84077,win,113.5489685804439,208.68883153686554,18800.58831881848,45.58934096078586,hw_365d
seasonal_naive,84347,loss,312.5562974604723,94.9634443541836,-8035.704065215243,-229.13327816410728,hw_365d
seasonal_naive,84755,win,82.73952197363398,85.0757029560202,194.41698135418028,2.7460025614997234,hw_365d
seasonal_naive,84879,win,70.08375080378902,78.89559858058892,1415.4471083873686,11.168997935669292,hw_365d
seasonal_naive,84991,win,106.32348793614446,107.46234067207416,98.28299111073284,1.0597691515067216,hw_365d
seasonal_naive,84992,loss,121.24546570983988,118.72532430908065,-178.72842814184332,-2.122665417361574,hw_365d
seasonal_naive,85099B,win,72.88654258016277,84.85201987470296,2769.4097198213276,14.10158215704123,hw_365d
seasonal_naive,85123A,loss,84.99536274436915,77.65460910151693,-1509.8462092618465,-9.45308170086304,hw_365d
weekday_mean_4w,15036,win,123.75334208851054,129.9416450537236,668.0891881244024,4.762370803182104,hw_365d
weekday_mean_4w,17003,loss,176.16377785620003,138.34864528184366,-4856.97562785033,-27.333214934862163,hw_365d
weekday_mean_4w,20725,win,70.69891542771214,75.67376602402342,492.85844857655866,6.574075611265292,hw_365d
weekday_mean_4w,21212,loss,93.07613762611162,91.13974119907328,-342.68407569297415,-2.1246455185874735,hw_365d
weekday_mean_4w,21213,win,120.92112342334877,139.02006172839506,1172.8112021669986,13.018939914158846,hw_365d
weekday_mean_4w,21232,loss,104.18200530488384,88.88674512830407,-792.7533349521291,-17.207582699199687,hw_365d
weekday_mean_4w,21977,loss,117.19492597974426,115.2611080200302,-243.293637511626,-1.6777714468769354,hw_365d
weekday_mean_4w,21980,loss,171.25360308767955,132.01530612244898,-1230.51299282963,-29.722536058686735,hw_365d
weekday_mean_4w,21981,loss,146.53819104012905,111.404833836858,-1162.9141234282715,-31.536654194664997,hw_365d
weekday_mean_4w,21982,loss,223.48116633507814,175.66731770833334,-1468.8414298136004,-27.21840878001668,hw_365d
weekday_mean_4w,21984,loss,310.34651016073036,137.8158844765343,-2867.4589988713387,-125.18921627903681,hw_365d
weekday_mean_4w,22197,win,87.91823612493818,99.48872122860097,3021.169365417394,11.629946551505693,hw_365d
weekday_mean_4w,84077,win,113.5489685804439,124.1156824047366,2088.0883188184816,8.513600875862767,hw_365d
weekday_mean_4w,84347,loss,312.5562974604723,130.58489033306256,-6720.204065215243,-139.35104334298066,hw_365d
weekday_mean_4w,84755,loss,82.73952197363398,78.67700072098053,-338.0830186458197,-5.163543621929293,hw_365d
weekday_mean_4w,84879,win,70.08375080378902,87.96924609350681,2872.9471083873686,20.331531852286684,hw_365d
weekday_mean_4w,84991,win,106.32348793614446,113.37775202780996,608.7829911107328,6.221912117233715,hw_365d
weekday_mean_4w,84992,loss,121.24546570983988,116.0815002820079,-366.2284281418433,-4.448568820429325,hw_365d
weekday_mean_4w,85099B,win,72.88654258016277,77.46813566645064,1060.4097198213276,5.914164639271204,hw_365d
weekday_mean_4w,85123A,loss,84.99536274436915,82.05707895760405,-604.3462092618465,-3.580780383717051,hw_365d
weekday_mean_8w,15036,win,123.75334208851054,127.90385327899222,448.0891881244024,3.245024355465128,hw_365d
weekday_mean_8w,17003,loss,176.16377785620003,142.34467455621302,-4343.72562785033,-23.758601019268603,hw_365d
weekday_mean_8w,20725,win,70.69891542771214,75.82265065105481,507.60844857655866,6.757525857177876,hw_365d
weekday_mean_8w,21212,win,93.07613762611162,95.1842120133356,373.06592430702585,2.214731143573087,hw_365d
weekday_mean_8w,21213,win,120.92112342334877,126.85570987654322,384.56120216699856,4.678217842121588,hw_365d
weekday_mean_8w,21232,loss,104.18200530488384,103.49218599266834,-35.75333495212908,-0.6665424114863837,hw_365d
weekday_mean_8w,21977,win,117.19492597974426,120.64422541928305,433.956362488374,2.859067168404627,hw_365d
weekday_mean_8w,21980,loss,171.25360308767955,128.01339285714286,-1356.01299282963,-33.77788000572003,hw_365d
weekday_mean_8w,21981,loss,146.53819104012905,115.30211480362537,-1033.9141234282715,-27.090636012793706,hw_365d
weekday_mean_8w,21982,loss,223.48116633507814,166.58528645833334,-1747.8414298136004,-34.1542047838515,hw_365d
weekday_mean_8w,21984,loss,310.34651016073036,138.91395908543922,-2849.2089988713387,-123.40916075241319,hw_365d
weekday_mean_8w,22197,win,87.91823612493818,107.50928727356286,5115.419365417394,18.222659312003675,hw_365d
weekday_mean_8w,84077,loss,113.5489685804439,112.27797176256263,-251.16168118151836,-1.132009064582215,hw_365d
weekday_mean_8w,84347,loss,312.5562974604723,148.78147847278635,-6048.204065215243,-110.07742406434149,hw_365d
weekday_mean_8w,84755,win,82.73952197363398,82.8436673876472,8.66698135418028,0.1257131864115742,hw_365d
weekday_mean_8w,84879,win,70.08375080378902,91.13490630641847,3381.4471083873686,23.098894107434724,hw_365d
weekday_mean_8w,84991,loss,106.32348793614446,104.01216685979142,-199.46700888926716,-2.222164143035981,hw_365d
weekday_mean_8w,84992,win,121.24546570983988,126.96700507614213,405.7715718581567,4.506319860715816,hw_365d
weekday_mean_8w,85099B,win,72.88654258016277,77.44653272845107,1055.4097198213276,5.887920333731262,hw_365d
weekday_mean_8w,85123A,loss,84.99536274436915,83.57156748346947,-292.8462092618465,-1.7036838051186591,hw_365d
