product_id,forecast_start,train_start,train_end,training_observations,threshold_99
21212,2011-01-01,2009-12-01,2010-12-31,396,888.4000000000012
85123A,2011-01-01,2009-12-01,2010-12-31,396,795.3000000000012
84077,2011-01-01,2009-12-01,2010-12-31,396,2033.3000000000038
85099B,2011-01-01,2009-12-01,2010-12-31,396,757.9500000000005
17003,2011-01-01,2009-12-01,2010-12-31,396,1447.2000000000016
84879,2011-01-01,2009-12-01,2010-12-31,396,929.8000000000029
84991,2011-01-01,2009-12-01,2010-12-31,396,553.2000000000003
22197,2011-01-01,2009-12-01,2010-12-31,396,1317.9000000000024
21977,2011-01-01,2009-12-01,2010-12-31,396,682.7500000000005
21232,2011-01-01,2009-12-01,2010-12-31,396,370.20000000000005
21213,2011-01-01,2009-12-01,2010-12-31,396,600.0
21982,2011-01-01,2009-12-01,2010-12-31,396,474.3500000000001
21980,2011-01-01,2009-12-01,2010-12-31,396,481.2000000000003
84755,2011-01-01,2009-12-01,2010-12-31,396,657.5500000000011
84347,2011-01-01,2009-12-01,2010-12-31,396,681.8500000000063
84992,2011-01-01,2009-12-01,2010-12-31,396,485.0000000000002
21984,2011-01-01,2009-12-01,2010-12-31,396,480.20000000000005
20725,2011-01-01,2009-12-01,2010-12-31,396,236.60000000000014
21981,2011-01-01,2009-12-01,2010-12-31,396,307.75000000000153
15036,2011-01-01,2009-12-01,2010-12-31,396,684.5000000000001
21212,2011-03-01,2009-12-01,2011-02-28,455,932.6799999999978
85123A,2011-03-01,2009-12-01,2011-02-28,455,838.7599999999978
84077,2011-03-01,2009-12-01,2011-02-28,455,2175.159999999993
85099B,2011-03-01,2009-12-01,2011-02-28,455,750.5999999999998
17003,2011-03-01,2009-12-01,2011-02-28,455,1440.0
84879,2011-03-01,2009-12-01,2011-02-28,455,900.2599999999993
84991,2011-03-01,2009-12-01,2011-02-28,455,542.2799999999996
22197,2011-03-01,2009-12-01,2011-02-28,455,1263.2599999999984
21977,2011-03-01,2009-12-01,2011-02-28,455,670.1999999999996
21232,2011-03-01,2009-12-01,2011-02-28,455,362.4399999999997
21213,2011-03-01,2009-12-01,2011-02-28,455,574.079999999999
21982,2011-03-01,2009-12-01,2011-02-28,455,477.21999999999986
21980,2011-03-01,2009-12-01,2011-02-28,455,467.0399999999995
84755,2011-03-01,2009-12-01,2011-02-28,455,611.4199999999985
84347,2011-03-01,2009-12-01,2011-02-28,455,642.6599999999996
84992,2011-03-01,2009-12-01,2011-02-28,455,483.46
21984,2011-03-01,2009-12-01,2011-02-28,455,467.0399999999995
20725,2011-03-01,2009-12-01,2011-02-28,455,269.15999999999906
21981,2011-03-01,2009-12-01,2011-02-28,455,363.09999999999724
15036,2011-03-01,2009-12-01,2011-02-28,455,688.5999999999998
21212,2011-05-01,2009-12-01,2011-04-30,516,974.8000000000025
85123A,2011-05-01,2009-12-01,2011-04-30,516,880.1000000000024
84077,2011-05-01,2009-12-01,2011-04-30,516,2260.8000000000065
85099B,2011-05-01,2009-12-01,2011-04-30,516,754.5000000000002
17003,2011-05-01,2009-12-01,2011-04-30,516,1440.0
84879,2011-05-01,2009-12-01,2011-04-30,516,885.1000000000001
84991,2011-05-01,2009-12-01,2011-04-30,516,549.3000000000004
22197,2011-05-01,2009-12-01,2011-04-30,516,1200.8000000000038
21977,2011-05-01,2009-12-01,2011-04-30,516,678.0000000000005
21232,2011-05-01,2009-12-01,2011-04-30,516,351.80000000000064
21213,2011-05-01,2009-12-01,2011-04-30,516,592.8000000000011
21982,2011-05-01,2009-12-01,2011-04-30,516,479.95000000000016
21980,2011-05-01,2009-12-01,2011-04-30,516,452.8500000000005
84755,2011-05-01,2009-12-01,2011-04-30,516,564.1500000000018
84347,2011-05-01,2009-12-01,2011-04-30,516,623.5500000000014
84992,2011-05-01,2009-12-01,2011-04-30,516,483.85
21984,2011-05-01,2009-12-01,2011-04-30,516,452.40000000000055
20725,2011-05-01,2009-12-01,2011-04-30,516,246.20000000000027
21981,2011-05-01,2009-12-01,2011-04-30,516,435.4000000000001
15036,2011-05-01,2009-12-01,2011-04-30,516,692.5000000000002
21212,2011-07-01,2009-12-01,2011-06-30,577,991.96
85123A,2011-07-01,2009-12-01,2011-06-30,577,815.440000000001
84077,2011-07-01,2009-12-01,2011-06-30,577,2085.1200000000026
85099B,2011-07-01,2009-12-01,2011-06-30,577,748.4000000000001
17003,2011-07-01,2009-12-01,2011-06-30,577,1440.0
84879,2011-07-01,2009-12-01,2011-06-30,577,881.44
84991,2011-07-01,2009-12-01,2011-06-30,577,538.3200000000002
22197,2011-07-01,2009-12-01,2011-06-30,577,1245.4400000000007
21977,2011-07-01,2009-12-01,2011-06-30,577,689.4000000000003
21232,2011-07-01,2009-12-01,2011-06-30,577,334.72000000000025
21213,2011-07-01,2009-12-01,2011-06-30,577,563.5200000000004
21982,2011-07-01,2009-12-01,2011-06-30,577,475.68000000000006
21980,2011-07-01,2009-12-01,2011-06-30,577,461.7600000000002
84755,2011-07-01,2009-12-01,2011-06-30,577,515.9600000000007
84347,2011-07-01,2009-12-01,2011-06-30,577,585.1200000000006
84992,2011-07-01,2009-12-01,2011-06-30,577,483.24
21984,2011-07-01,2009-12-01,2011-06-30,577,437.7600000000002
20725,2011-07-01,2009-12-01,2011-06-30,577,270.4400000000003
21981,2011-07-01,2009-12-01,2011-06-30,577,433.72
15036,2011-07-01,2009-12-01,2011-06-30,577,776.6400000000006
21212,2011-09-01,2009-12-01,2011-08-31,639,993.48
85123A,2011-09-01,2009-12-01,2011-08-31,639,789.62
84077,2011-09-01,2009-12-01,2011-08-31,639,1924.800000000001
85099B,2011-09-01,2009-12-01,2011-08-31,639,752.2
17003,2011-09-01,2009-12-01,2011-08-31,639,1234.8000000000025
84879,2011-09-01,2009-12-01,2011-08-31,639,905.2200000000001
84991,2011-09-01,2009-12-01,2011-08-31,639,545.1600000000001
22197,2011-09-01,2009-12-01,2011-08-31,639,1276.2200000000003
21977,2011-09-01,2009-12-01,2011-08-31,639,709.1600000000001
21232,2011-09-01,2009-12-01,2011-08-31,639,324.58000000000004
21213,2011-09-01,2009-12-01,2011-08-31,639,581.7600000000002
21982,2011-09-01,2009-12-01,2011-08-31,639,467.1600000000001
21980,2011-09-01,2009-12-01,2011-08-31,639,448.0200000000001
84755,2011-09-01,2009-12-01,2011-08-31,639,487.5000000000001
84347,2011-09-01,2009-12-01,2011-08-31,639,554.0400000000002
84992,2011-09-01,2009-12-01,2011-08-31,639,483.62
21984,2011-09-01,2009-12-01,2011-08-31,639,432.0
20725,2011-09-01,2009-12-01,2011-08-31,639,277.2600000000001
21981,2011-09-01,2009-12-01,2011-08-31,639,432.62
15036,2011-09-01,2009-12-01,2011-08-31,639,799.8200000000003
21212,2011-11-01,2009-12-01,2011-10-31,700,991.04
85123A,2011-11-01,2009-12-01,2011-10-31,700,789.01
84077,2011-11-01,2009-12-01,2011-10-31,700,2018.8799999999974
85099B,2011-11-01,2009-12-01,2011-10-31,700,756.3899999999996
17003,2011-11-01,2009-12-01,2011-10-31,700,1440.0
84879,2011-11-01,2009-12-01,2011-10-31,700,886.3099999999997
84991,2011-11-01,2009-12-01,2011-10-31,700,552.04
22197,2011-11-01,2009-12-01,2011-10-31,700,1309.179999999998
21977,2011-11-01,2009-12-01,2011-10-31,700,700.1599999999999
21232,2011-11-01,2009-12-01,2011-10-31,700,319.0899999999999
21213,2011-11-01,2009-12-01,2011-10-31,700,600.0
21982,2011-11-01,2009-12-01,2011-10-31,700,456.17999999999984
21980,2011-11-01,2009-12-01,2011-10-31,700,435.2099999999998
84755,2011-11-01,2009-12-01,2011-10-31,700,472.2499999999998
84347,2011-11-01,2009-12-01,2011-10-31,700,570.4099999999996
84992,2011-11-01,2009-12-01,2011-10-31,700,484.1999999999998
21984,2011-11-01,2009-12-01,2011-10-31,700,432.0
20725,2011-11-01,2009-12-01,2011-10-31,700,286.0799999999999
21981,2011-11-01,2009-12-01,2011-10-31,700,432.01
15036,2011-11-01,2009-12-01,2011-10-31,700,762.6099999999994
