experiment,model,product_id,forecast_start,forecast_end,date,origin,train_last_date,train_start,training_observations,horizon_day,actual,prediction,status,spike_threshold,is_spike,description
training_windows_v1,hw_expanding,22197,2011-05-01,2011-05-28,2011-05-27,2011-04-30,2011-04-30,2009-12-01,516,27,4314.0,105.22609275656654,ok,1200.8000000000038,True,SMALL POPCORN HOLDER
training_windows_v1,hw_expanding,85123A,2011-01-01,2011-01-28,2011-01-11,2010-12-31,2010-12-31,2009-12-01,396,11,3114.0,105.54339161465191,ok,795.3000000000012,True,WHITE HANGING HEART T-LIGHT HOLDER
training_windows_v1,hw_expanding,21977,2011-05-01,2011-05-28,2011-05-23,2011-04-30,2011-04-30,2009-12-01,516,23,2724.0,87.27906962910005,ok,678.0000000000005,True,PACK OF 60 PINK PAISLEY CAKE CASES
training_windows_v1,hw_expanding,22197,2011-11-01,2011-11-28,2011-11-07,2011-10-31,2011-10-31,2009-12-01,700,7,2012.0,162.6748103506769,ok,1309.179999999998,True,SMALL POPCORN HOLDER
training_windows_v1,hw_expanding,15036,2011-07-01,2011-07-28,2011-07-05,2011-06-30,2011-06-30,2009-12-01,577,5,1846.0,98.67324530651518,ok,776.6400000000006,True,ASSORTED COLOURS SILK FAN
training_windows_v1,hw_expanding,22197,2011-11-01,2011-11-28,2011-11-14,2011-10-31,2011-10-31,2009-12-01,700,14,1767.0,162.6748103506769,ok,1309.179999999998,True,SMALL POPCORN HOLDER
training_windows_v1,hw_expanding,21212,2011-01-01,2011-01-28,2011-01-19,2010-12-31,2010-12-31,2009-12-01,396,19,1540.0,219.89534500429997,ok,888.4000000000012,True,PACK OF 72 RETROSPOT CAKE CASES
training_windows_v1,hw_expanding,84992,2011-07-01,2011-07-28,2011-07-07,2011-06-30,2011-06-30,2009-12-01,577,7,1477.0,25.676766116867206,ok,483.24,True,72 SWEETHEART FAIRY CAKE CASES
training_windows_v1,hw_expanding,84879,2011-11-01,2011-11-28,2011-11-09,2011-10-31,2011-10-31,2009-12-01,700,9,1312.0,115.49976753207734,ok,886.3099999999997,True,ASSORTED COLOUR BIRD ORNAMENT
training_windows_v1,hw_expanding,85123A,2011-11-01,2011-11-28,2011-11-03,2011-10-31,2011-10-31,2009-12-01,700,3,1265.0,133.37057078399403,ok,789.01,True,WHITE HANGING HEART T-LIGHT HOLDER
