model,product_id,mae,wape,signed_bias,percentage_bias,overprediction_units,underprediction_units,absolute_error_sum,actual_units,observations,forecast_start
hw_weekly,15036,17.925944854032057,153.02635851002975,7.701660972489374,65.74588635051904,358.78648157130004,143.13997434159756,501.9264559128976,328.0,28,2011-01-01
hw_weekly,17003,219.4782607925801,195.5262902383787,47.21728672571486,42.064397973910786,3733.7376652561297,2411.653636936114,6145.391302192243,3143.0,28,2011-01-01
hw_weekly,20725,43.09449492769854,86.00469408236344,-19.53554764882313,-38.98755054647524,329.82526190425574,876.8205960713034,1206.6458579755592,1403.0,28,2011-01-01
hw_weekly,21212,136.95765683293948,118.03060607332428,41.740527277260796,35.97213800441065,2501.774577542804,1333.0398137795016,3834.8143913223057,3249.0,28,2011-01-01
hw_weekly,21213,57.6241757653433,242.26380201645833,47.58993024316772,200.07778480611054,1472.9974841191543,140.47943731045817,1613.4769214296125,666.0,28,2011-01-01
hw_weekly,21232,23.08786573454879,130.86239687598504,6.327994252555461,35.86717390112407,411.8220398194596,234.63820074790658,646.4602405673661,494.0,28,2011-01-01
hw_weekly,21977,68.22297170974657,328.78540583010397,64.28171942974014,309.79141893850664,1855.0656759528138,55.177531920090125,1910.243207872904,581.0,28,2011-01-01
hw_weekly,21980,51.77184914176291,339.4875353558224,36.77184914176291,241.1268796181174,1239.6117759693614,210.0,1449.6117759693614,427.0,28,2011-01-01
hw_weekly,21981,52.97083236056887,353.1388824037925,30.685118074854586,204.5674538323639,1171.1833060959284,312.0,1483.1833060959284,420.0,28,2011-01-01
hw_weekly,21982,56.653819945843566,415.2636016972827,33.97823673034926,249.05513833763857,1268.8487934666996,317.45816501692036,1586.3069584836198,382.0,28,2011-01-01
hw_weekly,21984,51.10722970031834,3327.9126316486368,50.75008684317549,3304.656817695148,1426.0024316089136,5.0,1431.0024316089136,43.0,28,2011-01-01
hw_weekly,22197,95.87698311135559,153.1406461561869,32.369855222103936,51.70313441066231,1795.4557366684335,889.0997904495233,2684.5555271179564,1753.0,28,2011-01-01
hw_weekly,84077,126.57603927610012,245.43830330545728,83.17627210050122,161.2836301117752,2936.532359272419,607.5967404583845,3544.1290997308033,1444.0,28,2011-01-01
hw_weekly,84347,72.93196786945973,6006.1620598378595,72.14625358374543,5941.456177484919,2031.0951003448722,11.0,2042.0951003448722,34.0,28,2011-01-01
hw_weekly,84755,25.73664600871592,122.55545718436152,-0.00872598323078831,-0.04155230109899195,360.1908803567919,360.43520788725397,720.6260882440457,588.0,28,2011-01-01
hw_weekly,84879,46.55839751420891,94.39790951468859,-8.438825409207277,-17.109856007082094,533.6740094700228,769.9611209278266,1303.6351303978495,1381.0,28,2011-01-01
hw_weekly,84991,65.38116074924004,206.62217844003627,62.97418066953819,199.01546938454507,1796.9747798628953,33.697721115826,1830.6725009787212,886.0,28,2011-01-01
hw_weekly,84992,35.87277988236523,79.65407111072373,13.451973836244717,29.869569184365748,690.5465520605394,313.89128464568716,1004.4378367062263,1261.0,28,2011-01-01
hw_weekly,85099B,93.86006044188505,97.51694591364682,-28.67735634286895,-29.79465594064306,912.5578573862256,1715.5238349865563,2628.0816923727816,2695.0,28,2011-01-01
hw_weekly,85123A,172.65047018521523,89.73850315919856,-125.77186864280324,-65.37242105064954,656.3004215937672,4177.912743592258,4834.213165186026,5387.0,28,2011-01-01
seasonal_naive,15036,11.714285714285714,100.0,-11.714285714285714,-100.0,0.0,328.0,328.0,328.0,28,2011-01-01
seasonal_naive,17003,112.25,100.0,-112.25,-100.0,0.0,3143.0,3143.0,3143.0,28,2011-01-01
seasonal_naive,20725,50.107142857142854,100.0,-50.107142857142854,-100.0,0.0,1403.0,1403.0,1403.0,28,2011-01-01
seasonal_naive,21212,116.03571428571429,100.0,-116.03571428571429,-100.0,0.0,3249.0,3249.0,3249.0,28,2011-01-01
seasonal_naive,21213,23.785714285714285,100.0,-23.785714285714285,-100.0,0.0,666.0,666.0,666.0,28,2011-01-01
seasonal_naive,21232,17.642857142857142,100.0,-17.642857142857142,-100.0,0.0,494.0,494.0,494.0,28,2011-01-01
seasonal_naive,21977,20.75,100.0,-20.75,-100.0,0.0,581.0,581.0,581.0,28,2011-01-01
seasonal_naive,21980,15.25,100.0,-15.25,-100.0,0.0,427.0,427.0,427.0,28,2011-01-01
seasonal_naive,21981,15.0,100.0,-15.0,-100.0,0.0,420.0,420.0,420.0,28,2011-01-01
seasonal_naive,21982,13.642857142857142,100.0,-13.642857142857142,-100.0,0.0,382.0,382.0,382.0,28,2011-01-01
seasonal_naive,21984,1.5357142857142858,100.0,-1.5357142857142858,-100.0,0.0,43.0,43.0,43.0,28,2011-01-01
seasonal_naive,22197,62.607142857142854,100.0,-62.607142857142854,-100.0,0.0,1753.0,1753.0,1753.0,28,2011-01-01
seasonal_naive,84077,51.57142857142857,100.0,-51.57142857142857,-100.0,0.0,1444.0,1444.0,1444.0,28,2011-01-01
seasonal_naive,84347,1.2142857142857142,100.0,-1.2142857142857142,-100.0,0.0,34.0,34.0,34.0,28,2011-01-01
seasonal_naive,84755,21.0,100.0,-21.0,-100.0,0.0,588.0,588.0,588.0,28,2011-01-01
seasonal_naive,84879,49.32142857142857,100.0,-49.32142857142857,-100.0,0.0,1381.0,1381.0,1381.0,28,2011-01-01
seasonal_naive,84991,31.642857142857142,100.0,-31.642857142857142,-100.0,0.0,886.0,886.0,886.0,28,2011-01-01
seasonal_naive,84992,45.035714285714285,100.0,-45.035714285714285,-100.0,0.0,1261.0,1261.0,1261.0,28,2011-01-01
seasonal_naive,85099B,96.25,100.0,-96.25,-100.0,0.0,2695.0,2695.0,2695.0,28,2011-01-01
seasonal_naive,85123A,192.39285714285714,100.0,-192.39285714285714,-100.0,0.0,5387.0,5387.0,5387.0,28,2011-01-01
weekday_mean_4w,15036,11.178571428571429,95.42682926829268,-8.214285714285714,-70.1219512195122,41.5,271.5,313.0,328.0,28,2011-01-01
weekday_mean_4w,17003,144.0,128.28507795100222,-73.82142857142857,-65.7651924912504,982.5,3049.5,4032.0,3143.0,28,2011-01-01
weekday_mean_4w,20725,41.285714285714285,82.39486813970065,-30.464285714285715,-60.79828937990021,151.5,1004.5,1156.0,1403.0,28,2011-01-01
weekday_mean_4w,21212,121.48214285714286,104.69375192366883,-3.4642857142857144,-2.9855340104647583,1652.25,1749.25,3401.5,3249.0,28,2011-01-01
weekday_mean_4w,21213,39.392857142857146,165.6156156156156,19.821428571428573,83.33333333333333,829.0,274.0,1103.0,666.0,28,2011-01-01
weekday_mean_4w,21232,27.839285714285715,157.79352226720647,12.0,68.01619433198381,557.75,221.75,779.5,494.0,28,2011-01-01
weekday_mean_4w,21977,38.67857142857143,186.40275387263338,26.571428571428573,128.0550774526678,913.5,169.5,1083.0,581.0,28,2011-01-01
weekday_mean_4w,21980,17.0,111.47540983606558,-8.25,-54.09836065573771,122.5,353.5,476.0,427.0,28,2011-01-01
weekday_mean_4w,21981,17.785714285714285,118.57142857142857,-4.285714285714286,-28.571428571428573,189.0,309.0,498.0,420.0,28,2011-01-01
weekday_mean_4w,21982,20.839285714285715,152.74869109947645,3.5,25.654450261780106,340.75,242.75,583.5,382.0,28,2011-01-01
weekday_mean_4w,21984,7.857142857142857,511.6279069767442,5.25,341.86046511627904,183.5,36.5,220.0,43.0,28,2011-01-01
weekday_mean_4w,22197,87.05357142857143,139.0473474044495,20.464285714285715,32.68682258984598,1505.25,932.25,2437.5,1753.0,28,2011-01-01
weekday_mean_4w,84077,85.51785714285714,165.8240997229917,15.642857142857142,30.332409972299168,1416.25,978.25,2394.5,1444.0,28,2011-01-01
weekday_mean_4w,84347,62.0,5105.882352941177,62.0,5105.882352941177,1736.0,0.0,1736.0,34.0,28,2011-01-01
weekday_mean_4w,84755,19.214285714285715,91.49659863945578,-9.857142857142858,-46.93877551020408,131.0,407.0,538.0,588.0,28,2011-01-01
weekday_mean_4w,84879,45.67857142857143,92.61404779145546,7.678571428571429,15.56842867487328,747.0,532.0,1279.0,1381.0,28,2011-01-01
weekday_mean_4w,84991,44.464285714285715,140.51918735891647,15.178571428571429,47.96839729119639,835.0,410.0,1245.0,886.0,28,2011-01-01
weekday_mean_4w,84992,47.67857142857143,105.86835844567803,2.107142857142857,4.678826328310865,697.0,638.0,1335.0,1261.0,28,2011-01-01
weekday_mean_4w,85099B,88.89285714285714,92.35621521335807,-42.75,-44.41558441558441,646.0,1843.0,2489.0,2695.0,28,2011-01-01
weekday_mean_4w,85123A,196.25,102.0048264340078,-83.57142857142857,-43.43790607016893,1577.5,3917.5,5495.0,5387.0,28,2011-01-01
weekday_mean_8w,15036,24.026785714285715,205.10670731707316,17.357142857142858,148.17073170731706,579.375,93.375,672.75,328.0,28,2011-01-01
weekday_mean_8w,17003,140.75892857142858,125.39770919503658,-22.714285714285715,-20.23544384346166,1652.625,2288.625,3941.25,3143.0,28,2011-01-01
weekday_mean_8w,20725,49.392857142857146,98.57448325017819,-12.0,-23.948681397006414,523.5,859.5,1383.0,1403.0,28,2011-01-01
weekday_mean_8w,21212,150.25892857142858,129.49369036626655,45.32142857142857,39.05817174515236,2738.125,1469.125,4207.25,3249.0,28,2011-01-01
weekday_mean_8w,21213,48.38392857142857,203.41591591591592,32.125,135.06006006006007,1127.125,227.625,1354.75,666.0,28,2011-01-01
weekday_mean_8w,21232,58.544642857142854,331.831983805668,50.5,286.2348178137652,1526.625,112.625,1639.25,494.0,28,2011-01-01
weekday_mean_8w,21977,62.794642857142854,302.62478485370053,54.875,264.4578313253012,1647.375,110.875,1758.25,581.0,28,2011-01-01
weekday_mean_8w,21980,27.5,180.327868852459,11.517857142857142,75.52693208430914,546.25,223.75,770.0,427.0,28,2011-01-01
weekday_mean_8w,21981,19.517857142857142,130.11904761904762,1.8392857142857142,12.261904761904763,299.0,247.5,546.5,420.0,28,2011-01-01
weekday_mean_8w,21982,44.401785714285715,325.4581151832461,30.982142857142858,227.09424083769633,1055.375,187.875,1243.25,382.0,28,2011-01-01
weekday_mean_8w,21984,13.116071428571429,854.0697674418604,11.535714285714286,751.1627906976744,345.125,22.125,367.25,43.0,28,2011-01-01
weekday_mean_8w,22197,193.29464285714286,308.74215630347976,137.10714285714286,218.99600684540786,4625.625,786.625,5412.25,1753.0,28,2011-01-01
weekday_mean_8w,84077,171.33928571428572,332.2368421052632,125.78571428571429,243.90581717451525,4159.75,637.75,4797.5,1444.0,28,2011-01-01
weekday_mean_8w,84347,89.82142857142857,7397.058823529412,89.82142857142857,7397.058823529412,2515.0,0.0,2515.0,34.0,28,2011-01-01
weekday_mean_8w,84755,21.0,100.0,-2.607142857142857,-12.414965986394558,257.5,330.5,588.0,588.0,28,2011-01-01
weekday_mean_8w,84879,155.44642857142858,315.17016654598115,143.92857142857142,291.81752353367125,4191.25,161.25,4352.5,1381.0,28,2011-01-01
weekday_mean_8w,84991,41.598214285714285,131.46162528216703,27.428571428571427,86.68171557562077,966.375,198.375,1164.75,886.0,28,2011-01-01
weekday_mean_8w,84992,54.875,121.847739888977,27.821428571428573,61.77636796193497,1157.75,378.75,1536.5,1261.0,28,2011-01-01
weekday_mean_8w,85099B,128.17857142857142,133.17254174397033,43.767857142857146,45.473098330241186,2407.25,1181.75,3589.0,2695.0,28,2011-01-01
weekday_mean_8w,85123A,204.24107142857142,106.15834416187117,-26.767857142857142,-13.913124187859662,2484.625,3234.125,5718.75,5387.0,28,2011-01-01
hw_weekly,15036,79.92932608996105,118.35119674875249,-8.836812955716232,-13.084651653096483,995.2951838794277,1242.725946639482,2238.0211305189096,1891.0,28,2011-03-01
hw_weekly,17003,141.94095779040248,150.54344008072988,27.829669967667165,29.516316632374263,2376.7887886129747,1597.5580295182942,3974.346818131269,2640.0,28,2011-03-01
hw_weekly,20725,34.866204942769016,93.42141037296962,7.311773200872872,19.59135403104693,590.4916940109864,385.762044386546,976.2537383975324,1045.0,28,2011-03-01
hw_weekly,21212,97.85894594705107,83.56360129665843,32.70849724429146,27.93040325831537,1827.9442046787956,912.1062818386348,2740.05048651743,3279.0,28,2011-03-01
hw_weekly,21213,37.054459524081665,104.48387378391607,2.1720511476473474,6.124615522067042,549.1711494042063,488.35371727008055,1037.5248666742866,993.0,28,2011-03-01
hw_weekly,21232,34.811661445371136,96.12687578603469,14.23121154557371,39.29723109231399,686.6002218732278,288.1262985971639,974.7265204703917,1014.0,28,2011-03-01
hw_weekly,21977,68.58487795704147,78.47881417234007,-28.840964575951244,-33.0015123876843,556.4147873352631,1363.961795461898,1920.3765827971613,2447.0,28,2011-03-01
hw_weekly,21980,54.8904722732456,614.7732894603506,45.10475798753131,505.1732894603507,1399.9332236508767,137.0,1536.9332236508767,250.0,28,2011-03-01
hw_weekly,21981,57.36711249033639,132.97012828885917,3.0199392663870563,6.999859226724965,845.4187245941282,760.8604251352906,1606.2791497294188,1208.0,28,2011-03-01
hw_weekly,21982,45.107082742269135,422.4074638072026,33.06698318877066,309.6573676540396,1094.4369230345571,168.56139374897873,1262.9983167835358,299.0,28,2011-03-01
hw_weekly,21984,54.60885640747173,281.074996214928,30.93843879763003,159.24196439956634,1197.6621328714245,331.3858465377838,1529.0479794092084,544.0,28,2011-03-01
hw_weekly,22197,73.59202099623461,104.1747516630217,33.85867954693808,47.92937448504885,1504.3098076044178,556.2667802901512,2060.576587894569,1978.0,28,2011-03-01
hw_weekly,84077,145.83210894518012,111.93253976055493,15.256421649253378,11.709972757102372,2255.2394283220697,1828.0596221429746,4083.299050465044,3648.0,28,2011-03-01
hw_weekly,84347,69.97042153277319,24489.647536470613,69.54185010420176,24339.647536470613,1953.171802917649,6.0,1959.171802917649,8.0,28,2011-03-01
hw_weekly,84755,32.36670369833351,86.80725129821248,-6.199912610021215,-16.628118111168007,366.3350752363721,539.9326283169661,906.2677035533383,1044.0,28,2011-03-01
hw_weekly,84879,60.87133308474309,74.42783084597409,-17.46631870239298,-21.356197540043816,607.6702013529017,1096.727125019905,1704.3973263728067,2290.0,28,2011-03-01
hw_weekly,84991,41.534579519082044,74.54924529066007,-7.037259117306342,-12.630977902857536,482.96248562486,680.0057409094376,1162.9682265342972,1560.0,28,2011-03-01
hw_weekly,84992,57.22747168095197,136.9546330826201,14.401088964648276,34.46414453078219,1002.7998490384036,599.5693580282518,1602.3692070666552,1170.0,28,2011-03-01
hw_weekly,85099B,126.51374088976922,81.50908294784948,-50.19113728142241,-32.336673812237166,1068.5164505168555,2473.868294396683,3542.3847449135383,4346.0,28,2011-03-01
hw_weekly,85123A,41.21680535133508,69.10602094834624,30.071991909665776,50.42010619584681,998.043161654012,156.02738818337025,1154.0705498373823,1670.0,28,2011-03-01
seasonal_naive,15036,66.75,98.83659439450027,-43.82142857142857,-64.88630354309889,321.0,1548.0,1869.0,1891.0,28,2011-03-01
seasonal_naive,17003,94.28571428571429,100.0,-94.28571428571429,-100.0,0.0,2640.0,2640.0,2640.0,28,2011-03-01
seasonal_naive,20725,37.392857142857146,100.19138755980862,1.1071428571428572,2.9665071770334928,539.0,508.0,1047.0,1045.0,28,2011-03-01
seasonal_naive,21212,100.32142857142857,85.66636169563891,-6.392857142857143,-5.4589813967673075,1315.0,1494.0,2809.0,3279.0,28,2011-03-01
seasonal_naive,21213,40.392857142857146,113.89728096676737,-9.892857142857142,-27.895266868076536,427.0,704.0,1131.0,993.0,28,2011-03-01
seasonal_naive,21232,57.785714285714285,159.56607495069034,40.07142857142857,110.6508875739645,1370.0,248.0,1618.0,1014.0,28,2011-03-01
seasonal_naive,21977,80.46428571428571,92.07192480588476,-39.67857142857143,-45.40253371475276,571.0,1682.0,2253.0,2447.0,28,2011-03-01
seasonal_naive,21980,18.928571428571427,212.0,12.5,140.0,440.0,90.0,530.0,250.0,28,2011-03-01
seasonal_naive,21981,43.857142857142854,101.65562913907284,-40.857142857142854,-94.70198675496688,42.0,1186.0,1228.0,1208.0,28,2011-03-01
seasonal_naive,21982,15.75,147.49163879598663,-2.107142857142857,-19.732441471571907,191.0,250.0,441.0,299.0,28,2011-03-01
seasonal_naive,21984,19.5,100.36764705882354,-15.857142857142858,-81.61764705882354,51.0,495.0,546.0,544.0,28,2011-03-01
seasonal_naive,22197,181.71428571428572,257.2295247724975,119.64285714285714,169.36299292214358,4219.0,869.0,5088.0,1978.0,28,2011-03-01
seasonal_naive,84077,130.28571428571428,100.0,-102.85714285714286,-78.94736842105263,384.0,3264.0,3648.0,3648.0,28,2011-03-01
seasonal_naive,84347,1.2857142857142858,450.0,0.8571428571428571,300.0,30.0,6.0,36.0,8.0,28,2011-03-01
seasonal_naive,84755,49.357142857142854,132.37547892720306,12.571428571428571,33.71647509578544,867.0,515.0,1382.0,1044.0,28,2011-03-01
seasonal_naive,84879,69.57142857142857,85.06550218340611,-37.785714285714285,-46.200873362445414,445.0,1503.0,1948.0,2290.0,28,2011-03-01
seasonal_naive,84991,47.42857142857143,85.12820512820512,-26.285714285714285,-47.17948717948718,296.0,1032.0,1328.0,1560.0,28,2011-03-01
seasonal_naive,84992,51.07142857142857,122.22222222222223,-6.357142857142857,-15.213675213675213,626.0,804.0,1430.0,1170.0,28,2011-03-01
seasonal_naive,85099B,139.21428571428572,89.69167050161067,-42.07142857142857,-27.105384261389784,1360.0,2538.0,3898.0,4346.0,28,2011-03-01
seasonal_naive,85123A,24.285714285714285,40.7185628742515,-0.35714285714285715,-0.5988023952095808,335.0,345.0,680.0,1670.0,28,2011-03-01
weekday_mean_4w,15036,101.28571428571429,149.97355896351138,13.178571428571429,19.513484928609202,1602.5,1233.5,2836.0,1891.0,28,2011-03-01
weekday_mean_4w,17003,96.25,102.08333333333333,-80.07142857142857,-84.92424242424242,226.5,2468.5,2695.0,2640.0,28,2011-03-01
weekday_mean_4w,20725,33.714285714285715,90.33492822966507,4.035714285714286,10.813397129186603,528.5,415.5,944.0,1045.0,28,2011-03-01
weekday_mean_4w,21212,88.57142857142857,75.63281488258616,-42.285714285714285,-36.10856968587984,648.0,1832.0,2480.0,3279.0,28,2011-03-01
weekday_mean_4w,21213,30.642857142857142,86.404833836858,-17.035714285714285,-48.036253776435046,190.5,667.5,858.0,993.0,28,2011-03-01
weekday_mean_4w,21232,28.339285714285715,78.25443786982248,-2.2142857142857144,-6.11439842209073,365.75,427.75,793.5,1014.0,28,2011-03-01
weekday_mean_4w,21977,75.33928571428571,86.20760114425828,-32.392857142857146,-37.06579485083776,601.25,1508.25,2109.5,2447.0,28,2011-03-01
weekday_mean_4w,21980,30.285714285714285,339.2,26.178571428571427,293.2,790.5,57.5,848.0,250.0,28,2011-03-01
weekday_mean_4w,21981,45.125,104.59437086092716,-22.714285714285715,-52.64900662251656,313.75,949.75,1263.5,1208.0,28,2011-03-01
weekday_mean_4w,21982,58.80357142857143,550.6688963210702,41.107142857142854,384.94983277591973,1398.75,247.75,1646.5,299.0,28,2011-03-01
weekday_mean_4w,21984,29.553571428571427,152.1139705882353,3.5,18.014705882352942,462.75,364.75,827.5,544.0,28,2011-03-01
weekday_mean_4w,22197,88.76785714285714,125.6572295247725,24.571428571428573,34.78260869565217,1586.75,898.75,2485.5,1978.0,28,2011-03-01
weekday_mean_4w,84077,186.625,143.24287280701753,-4.642857142857143,-3.56359649122807,2547.75,2677.75,5225.5,3648.0,28,2011-03-01
weekday_mean_4w,84347,1.0535714285714286,368.75,0.8214285714285714,287.5,26.25,3.25,29.5,8.0,28,2011-03-01
weekday_mean_4w,84755,32.482142857142854,87.11685823754789,-9.392857142857142,-25.191570881226053,323.25,586.25,909.5,1044.0,28,2011-03-01
weekday_mean_4w,84879,54.285714285714285,66.37554585152839,-22.25,-27.20524017467249,448.5,1071.5,1520.0,2290.0,28,2011-03-01
weekday_mean_4w,84991,46.232142857142854,82.98076923076923,-29.892857142857142,-53.65384615384615,228.75,1065.75,1294.5,1560.0,28,2011-03-01
weekday_mean_4w,84992,52.94642857142857,126.7094017094017,-9.035714285714286,-21.623931623931625,614.75,867.75,1482.5,1170.0,28,2011-03-01
weekday_mean_4w,85099B,126.26785714285714,81.35066728025771,-45.214285714285715,-29.1302346985734,1134.75,2400.75,3535.5,4346.0,28,2011-03-01
weekday_mean_4w,85123A,27.464285714285715,46.047904191616766,7.392857142857143,12.395209580838323,488.0,281.0,769.0,1670.0,28,2011-03-01
weekday_mean_8w,15036,84.52678571428571,125.15864621893178,-9.732142857142858,-14.410364886303544,1047.125,1319.625,2366.75,1891.0,28,2011-03-01
weekday_mean_8w,17003,108.24107142857143,114.80113636363636,-30.375,-32.21590909090909,1090.125,1940.625,3030.75,2640.0,28,2011-03-01
weekday_mean_8w,20725,39.11607142857143,104.80861244019138,11.714285714285714,31.38755980861244,711.625,383.625,1095.25,1045.0,28,2011-03-01
weekday_mean_8w,21212,86.38392857142857,73.76486733760292,-18.785714285714285,-16.041476059774322,946.375,1472.375,2418.75,3279.0,28,2011-03-01
weekday_mean_8w,21213,27.6875,78.07150050352467,-12.071428571428571,-34.03826787512588,218.625,556.625,775.25,993.0,28,2011-03-01
weekday_mean_8w,21232,29.919642857142858,82.61834319526628,-7.464285714285714,-20.611439842209073,314.375,523.375,837.75,1014.0,28,2011-03-01
weekday_mean_8w,21977,71.27678571428571,81.55905190028606,-46.357142857142854,-53.04454434000817,348.875,1646.875,1995.75,2447.0,28,2011-03-01
weekday_mean_8w,21980,20.419642857142858,228.7,17.178571428571427,192.4,526.375,45.375,571.75,250.0,28,2011-03-01
weekday_mean_8w,21981,42.098214285714285,97.57864238410596,-25.392857142857142,-58.85761589403973,233.875,944.875,1178.75,1208.0,28,2011-03-01
weekday_mean_8w,21982,36.642857142857146,343.1438127090301,22.107142857142858,207.02341137123747,822.5,203.5,1026.0,299.0,28,2011-03-01
weekday_mean_8w,21984,24.089285714285715,123.98897058823529,-7.017857142857143,-36.12132352941177,239.0,435.5,674.5,544.0,28,2011-03-01
weekday_mean_8w,22197,67.57142857142857,95.65217391304348,9.535714285714286,13.498483316481295,1079.5,812.5,1892.0,1978.0,28,2011-03-01
weekday_mean_8w,84077,140.40178571428572,107.76452850877193,-40.82142857142857,-31.332236842105264,1394.125,2537.125,3931.25,3648.0,28,2011-03-01
weekday_mean_8w,84347,1.0982142857142858,384.375,0.9642857142857143,337.5,28.875,1.875,30.75,8.0,28,2011-03-01
weekday_mean_8w,84755,30.991071428571427,83.11781609195403,-12.696428571428571,-34.05172413793103,256.125,611.625,867.75,1044.0,28,2011-03-01
weekday_mean_8w,84879,47.464285714285715,58.03493449781659,-20.392857142857142,-24.934497816593886,379.0,950.0,1329.0,2290.0,28,2011-03-01
weekday_mean_8w,84991,39.9375,71.6826923076923,-22.553571428571427,-40.48076923076923,243.375,874.875,1118.25,1560.0,28,2011-03-01
weekday_mean_8w,84992,50.19642857142857,120.12820512820512,-0.17857142857142858,-0.42735042735042733,700.25,705.25,1405.5,1170.0,28,2011-03-01
weekday_mean_8w,85099B,130.34821428571428,83.97952139898757,-51.160714285714285,-32.96134376438104,1108.625,2541.125,3649.75,4346.0,28,2011-03-01
weekday_mean_8w,85123A,82.98214285714286,139.1317365269461,72.82142857142857,122.09580838323353,2181.25,142.25,2323.5,1670.0,28,2011-03-01
hw_weekly,15036,146.7535141952291,88.51999994542038,-84.1902309461226,-50.78256067409377,875.8859654874904,3233.212431978923,4109.098397466414,4642.0,28,2011-05-01
hw_weekly,17003,119.82854361540606,154.40401386246526,17.801196079237183,22.937574331276625,1926.8163557250055,1428.3828655063646,3355.19922123137,2173.0,28,2011-05-01
hw_weekly,20725,52.036419171789525,63.21126840824757,-38.11699440687496,-46.30263962657262,194.8719467088038,1262.147790101303,1457.0197368101067,2305.0,28,2011-05-01
hw_weekly,21212,107.43076242081945,88.31653986444347,1.2957085313497356,1.0651743651730063,1522.1705933303685,1485.890754452576,3008.0613477829447,3406.0,28,2011-05-01
hw_weekly,21213,34.81130997832354,129.2727691502731,24.379949217714145,90.53562043713475,828.6776287445275,146.0390506485315,974.7166793930592,754.0,28,2011-05-01
hw_weekly,21232,22.95532991669949,75.70662398911492,3.940842590506501,12.996889579997882,376.54641510088385,266.2028225667019,642.7492376675857,849.0,28,2011-05-01
hw_weekly,21977,151.64191584788477,104.81297565393172,-68.96163926664995,-47.66541346497652,1157.5238721372882,3088.4497716034875,4245.973643740774,4051.0,28,2011-05-01
hw_weekly,21980,44.787851410519956,125.03089127562899,-10.267658411628572,-28.66345319298106,483.2827019844792,770.7771375100791,1254.0598394945587,1003.0,28,2011-05-01
hw_weekly,21981,53.692102288533306,221.73729558686324,19.635824259493056,81.09189959672649,1026.590971672369,476.78789240656357,1503.3788640789326,678.0,28,2011-05-01
hw_weekly,21982,61.6989346038268,208.6437402061776,26.63123600092245,90.05731980988267,1236.6223884664894,490.94778044066095,1727.5701689071504,828.0,28,2011-05-01
hw_weekly,21984,47.748082716057226,781.8399509062001,39.10522557320008,640.3194830699429,1215.9463160496023,121.0,1336.9463160496023,171.0,28,2011-05-01
hw_weekly,22197,210.60284783690787,86.91053411103053,-178.43789501792753,-73.63686161388314,450.3093394657246,5446.570399967696,5896.879739433421,6785.0,28,2011-05-01
hw_weekly,84077,114.05635159713718,85.18479180367673,31.61566740777355,23.61266170759294,2039.4082660687502,1154.169578651091,3193.577844719841,3749.0,28,2011-05-01
hw_weekly,84347,66.76561362560582,3894.6607948270066,65.46972189450828,3819.0671105129836,1851.2946972815973,18.142484235365465,1869.4371815169632,48.0,28,2011-05-01
hw_weekly,84755,70.21588327222014,67.84143311325617,-48.97419228629955,-47.318060179999556,297.3836738028882,1668.6610578192758,1966.044731622164,2898.0,28,2011-05-01
hw_weekly,84879,62.56646873238738,60.07754199269021,-28.69371780619042,-27.552266754915355,474.2185129667574,1277.642611540089,1751.8611245068466,2916.0,28,2011-05-01
hw_weekly,84991,58.93450599474014,123.05489693159761,36.96976075166374,77.19263989907418,1342.6597344496543,307.5064334030695,1650.166167852724,1341.0,28,2011-05-01
hw_weekly,84992,49.43726912925372,226.55377015042623,32.24893263161171,147.78561598774596,1143.606824652116,240.63671096698812,1384.2435356191043,611.0,28,2011-05-01
hw_weekly,85099B,76.31252516610608,59.68577387293213,-15.320860869359441,-11.98279621067219,853.883300154453,1282.867404496517,2136.7507046509704,3580.0,28,2011-05-01
hw_weekly,85123A,79.58129805470243,57.997822632266214,6.221077543857843,4.533841000208735,1201.2332583798438,1027.0430871518242,2228.276345531668,3842.0,28,2011-05-01
seasonal_naive,15036,159.57142857142858,96.2516156828953,-55.92857142857143,-33.73545885394227,1451.0,3017.0,4468.0,4642.0,28,2011-05-01
seasonal_naive,17003,89.53571428571429,115.37045559134836,-39.464285714285715,-50.851357570179474,701.0,1806.0,2507.0,2173.0,28,2011-05-01
seasonal_naive,20725,68.75,83.51409978308025,-60.32142857142857,-73.27548806941432,118.0,1807.0,1925.0,2305.0,28,2011-05-01
seasonal_naive,21212,105.64285714285714,86.84674104521433,-80.07142857142857,-65.82501467997652,358.0,2600.0,2958.0,3406.0,28,2011-05-01
seasonal_naive,21213,34.07142857142857,126.52519893899205,-5.214285714285714,-19.363395225464192,404.0,550.0,954.0,754.0,28,2011-05-01
seasonal_naive,21232,32.892857142857146,108.48056537102474,0.25,0.8244994110718492,464.0,457.0,921.0,849.0,28,2011-05-01
seasonal_naive,21977,146.75,101.4317452480869,-108.25,-74.82103184398913,539.0,3570.0,4109.0,4051.0,28,2011-05-01
seasonal_naive,21980,43.32142857142857,120.93718843469591,-15.25,-42.57228315054836,393.0,820.0,1213.0,1003.0,28,2011-05-01
seasonal_naive,21981,34.42857142857143,142.18289085545723,-1.9285714285714286,-7.964601769911504,455.0,509.0,964.0,678.0,28,2011-05-01
seasonal_naive,21982,35.357142857142854,119.56521739130434,-12.428571428571429,-42.028985507246375,321.0,669.0,990.0,828.0,28,2011-05-01
seasonal_naive,21984,9.535714285714286,156.140350877193,-2.6785714285714284,-43.85964912280702,96.0,171.0,267.0,171.0,28,2011-05-01
seasonal_naive,22197,227.39285714285714,93.83935151068533,-226.60714285714286,-93.51510685335299,11.0,6356.0,6367.0,6785.0,28,2011-05-01
seasonal_naive,84077,335.82142857142856,250.81355028007468,236.39285714285714,176.55374766604427,8011.0,1392.0,9403.0,3749.0,28,2011-05-01
seasonal_naive,84347,1.7142857142857142,100.0,-1.7142857142857142,-100.0,0.0,48.0,48.0,48.0,28,2011-05-01
seasonal_naive,84755,74.21428571428571,71.70462387853692,-60.92857142857143,-58.86818495514148,186.0,1892.0,2078.0,2898.0,28,2011-05-01
seasonal_naive,84879,76.92857142857143,73.86831275720165,-66.57142857142857,-63.92318244170096,145.0,2009.0,2154.0,2916.0,28,2011-05-01
seasonal_naive,84991,40.035714285714285,83.59433258762118,-16.178571428571427,-33.78076062639821,334.0,787.0,1121.0,1341.0,28,2011-05-01
seasonal_naive,84992,23.107142857142858,105.89198036006546,-15.678571428571429,-71.8494271685761,104.0,543.0,647.0,611.0,28,2011-05-01
seasonal_naive,85099B,101.71428571428571,79.55307262569832,-86.42857142857143,-67.59776536312849,214.0,2634.0,2848.0,3580.0,28,2011-05-01
seasonal_naive,85123A,90.57142857142857,66.00728787090057,-85.35714285714286,-62.20718375845914,73.0,2463.0,2536.0,3842.0,28,2011-05-01
weekday_mean_4w,15036,143.60714285714286,86.62214562688496,-96.0,-57.906074967686344,666.5,3354.5,4021.0,4642.0,28,2011-05-01
weekday_mean_4w,17003,82.98214285714286,106.92590888173032,-59.392857142857146,-76.53014265991716,330.25,1993.25,2323.5,2173.0,28,2011-05-01
weekday_mean_4w,20725,57.607142857142854,69.97830802603036,-43.57142857142857,-52.928416485900215,196.5,1416.5,1613.0,2305.0,28,2011-05-01
weekday_mean_4w,21212,123.55357142857143,101.57075748678803,-14.857142857142858,-12.213740458015268,1521.75,1937.75,3459.5,3406.0,28,2011-05-01
weekday_mean_4w,21213,62.214285714285715,231.0344827586207,34.857142857142854,129.44297082228115,1359.0,383.0,1742.0,754.0,28,2011-05-01
weekday_mean_4w,21232,20.321428571428573,67.02002355712602,-3.9642857142857144,-13.074204946996467,229.0,340.0,569.0,849.0,28,2011-05-01
weekday_mean_4w,21977,179.03571428571428,123.74722290792397,-55.5,-38.36089854356949,1729.5,3283.5,5013.0,4051.0,28,2011-05-01
weekday_mean_4w,21980,32.875,91.77467597208374,-16.0,-44.66600199401795,236.25,684.25,920.5,1003.0,28,2011-05-01
weekday_mean_4w,21981,27.125,112.02064896755162,-10.5,-43.36283185840708,232.75,526.75,759.5,678.0,28,2011-05-01
weekday_mean_4w,21982,58.214285714285715,196.8599033816425,14.678571428571429,49.63768115942029,1020.5,609.5,1630.0,828.0,28,2011-05-01
weekday_mean_4w,21984,8.517857142857142,139.47368421052633,-2.142857142857143,-35.08771929824562,89.25,149.25,238.5,171.0,28,2011-05-01
weekday_mean_4w,22197,240.67857142857142,99.32203389830508,-180.42857142857142,-74.45836403831983,843.5,5895.5,6739.0,6785.0,28,2011-05-01
weekday_mean_4w,84077,198.98214285714286,148.61296345692185,149.5,111.65644171779141,4878.75,692.75,5571.5,3749.0,28,2011-05-01
weekday_mean_4w,84347,1.9285714285714286,112.5,-1.5,-87.5,6.0,48.0,54.0,48.0,28,2011-05-01
weekday_mean_4w,84755,72.35714285714286,69.91028295376121,-40.07142857142857,-38.71635610766045,452.0,1574.0,2026.0,2898.0,28,2011-05-01
weekday_mean_4w,84879,64.91071428571429,62.32853223593964,-16.892857142857142,-16.22085048010974,672.25,1145.25,1817.5,2916.0,28,2011-05-01
weekday_mean_4w,84991,66.44642857142857,138.73974645786726,29.25,61.07382550335571,1339.75,520.75,1860.5,1341.0,28,2011-05-01
weekday_mean_4w,84992,41.535714285714285,190.34369885433716,7.285714285714286,33.387888707037646,683.5,479.5,1163.0,611.0,28,2011-05-01
weekday_mean_4w,85099B,80.58928571428571,63.03072625698324,-40.714285714285715,-31.843575418994412,558.25,1698.25,2256.5,3580.0,28,2011-05-01
weekday_mean_4w,85123A,127.39285714285714,92.84226965122332,-4.714285714285714,-3.435710567412806,1717.5,1849.5,3567.0,3842.0,28,2011-05-01
weekday_mean_8w,15036,149.48214285714286,90.16587677725119,-76.19642857142857,-45.96079276174063,1026.0,3159.5,4185.5,4642.0,28,2011-05-01
weekday_mean_8w,17003,109.50892857142857,141.1067648412333,-10.428571428571429,-13.437643810400369,1387.125,1679.125,3066.25,2173.0,28,2011-05-01
weekday_mean_8w,20725,51.9375,63.09110629067245,-38.17857142857143,-46.377440347071584,192.625,1261.625,1454.25,2305.0,28,2011-05-01
weekday_mean_8w,21212,120.25892857142857,98.86230182031709,-5.035714285714286,-4.139753376394598,1613.125,1754.125,3367.25,3406.0,28,2011-05-01
weekday_mean_8w,21213,43.80357142857143,162.6657824933687,25.964285714285715,96.41909814323607,976.75,249.75,1226.5,754.0,28,2011-05-01
weekday_mean_8w,21232,20.428571428571427,67.37338044758539,3.3214285714285716,10.954063604240282,332.5,239.5,572.0,849.0,28,2011-05-01
weekday_mean_8w,21977,165.96428571428572,114.71241668723772,-53.714285714285715,-37.126635398667,1571.5,3075.5,4647.0,4051.0,28,2011-05-01
weekday_mean_8w,21980,31.339285714285715,87.4875373878365,-18.160714285714285,-50.69790628115653,184.5,693.0,877.5,1003.0,28,2011-05-01
weekday_mean_8w,21981,33.63392857142857,138.90117994100294,-4.357142857142857,-17.99410029498525,409.875,531.875,941.75,678.0,28,2011-05-01
weekday_mean_8w,21982,41.848214285714285,141.5157004830918,0.19642857142857142,0.6642512077294686,588.625,583.125,1171.75,828.0,28,2011-05-01
weekday_mean_8w,21984,8.339285714285714,136.54970760233917,-1.6607142857142858,-27.19298245614035,93.5,140.0,233.5,171.0,28,2011-05-01
weekday_mean_8w,22197,223.0,92.0265291083272,-164.98214285714286,-68.0840088430361,812.25,5431.75,6244.0,6785.0,28,2011-05-01
weekday_mean_8w,84077,130.64285714285714,97.57268604961322,88.375,66.00426780474794,3066.25,591.75,3658.0,3749.0,28,2011-05-01
weekday_mean_8w,84347,2.0,116.66666666666667,-1.4285714285714286,-83.33333333333333,8.0,48.0,56.0,48.0,28,2011-05-01
weekday_mean_8w,84755,69.5,67.14975845410628,-52.714285714285715,-50.93167701863354,235.0,1711.0,1946.0,2898.0,28,2011-05-01
weekday_mean_8w,84879,66.08928571428571,63.460219478738,-13.571428571428571,-13.031550068587105,735.25,1115.25,1850.5,2916.0,28,2011-05-01
weekday_mean_8w,84991,59.50892857142857,124.25428784489188,28.375,59.24683072334079,1230.375,435.875,1666.25,1341.0,28,2011-05-01
weekday_mean_8w,84992,45.267857142857146,207.4468085106383,17.982142857142858,82.40589198036007,885.5,382.0,1267.5,611.0,28,2011-05-01
weekday_mean_8w,85099B,85.5625,66.92039106145252,1.0892857142857142,0.8519553072625698,1213.125,1182.625,2395.75,3580.0,28,2011-05-01
weekday_mean_8w,85123A,91.80357142857143,66.90525767829256,-37.232142857142854,-27.13430504945341,764.0,1806.5,2570.5,3842.0,28,2011-05-01
hw_weekly,15036,139.14401636070926,136.12971551711598,0.19465716459346336,0.19044027283776988,1950.7414293542383,1945.2910287456211,3896.0324580998595,2862.0,28,2011-07-01
hw_weekly,17003,102.50715464890784,159.10201386748443,28.972065374201378,44.96772896217509,1840.7090803235292,1029.4912498458905,2870.2003301694194,1804.0,28,2011-07-01
hw_weekly,20725,40.74027142949437,68.84294508303212,-2.9446571893039746,-4.97588420642796,529.1385993626656,611.5890006631769,1140.7276000258423,1657.0,28,2011-07-01
hw_weekly,21212,76.7719486771396,97.62100649227561,21.068630226653422,26.79026550164831,1369.7681046531027,779.8464583068067,2149.614562959909,2202.0,28,2011-07-01
hw_weekly,21213,44.83377244108481,116.02085289744683,2.5819677237821597,6.681617030120191,663.8203623081376,591.5252660422369,1255.3456283503747,1082.0,28,2011-07-01
hw_weekly,21232,19.000872930910646,104.93578738964459,5.703893039044611,31.500789959220736,345.8667235793737,186.15771848612448,532.0244420654981,507.0,28,2011-07-01
hw_weekly,21977,86.32192423968344,116.93342422405111,3.204284149211999,4.3405881073021755,1253.366917444536,1163.6469612666,2417.0138787111364,2067.0,28,2011-07-01
hw_weekly,21980,18.721574032806238,110.12690607533081,5.655521038033673,33.267770811962784,341.2793309917588,182.92474192681595,524.2040729185746,476.0,28,2011-07-01
hw_weekly,21981,34.607244700229465,369.8484166436737,32.16245365884431,343.7208787968095,934.7757770270329,34.22707457939222,969.0028516064251,262.0,28,2011-07-01
hw_weekly,21982,35.81387282726355,409.3014037401549,24.675164762888393,282.0018830044388,846.8465262621273,155.94191290125215,1002.7884391633795,245.0,28,2011-07-01
hw_weekly,21984,16.595852125172605,158.59517389243445,5.37027567891664,51.32004061763342,307.5257892572494,157.1580702475835,464.683859504833,293.0,28,2011-07-01
hw_weekly,22197,81.2460659266987,143.43567755028775,61.47959785610421,108.53901260850682,1998.159292959241,276.73055298832327,2274.8898459475636,1586.0,28,2011-07-01
hw_weekly,84077,108.27441998464217,82.69732022831371,19.914270684070924,15.210026709055807,1794.641669361983,1237.042090207997,3031.683759569981,3666.0,28,2011-07-01
hw_weekly,84347,61.31099383395276,1341.1779901177165,60.88242240538133,1331.8029901177165,1710.7078273506772,6.0,1716.7078273506772,128.0,28,2011-07-01
hw_weekly,84755,52.89008099860824,90.52092102451287,16.118465571964993,27.58661589333862,966.1196519880252,514.8026159730055,1480.9222679610307,1636.0,28,2011-07-01
hw_weekly,84879,33.20149545952083,57.06825493349191,-3.212316510195078,-5.52147712004065,419.8485052905605,509.79336757602266,929.6418728665832,1629.0,28,2011-07-01
hw_weekly,84991,48.5127956585864,112.35386918448464,4.078047027747123,9.444608500985892,736.2717976086693,622.08648083175,1358.358278440419,1209.0,28,2011-07-01
hw_weekly,84992,78.18713829320096,118.27335884438827,-30.266310211659476,-45.78372155194302,670.8915931415806,1518.348279068046,2189.239872209627,1851.0,28,2011-07-01
hw_weekly,85099B,82.47761769861083,76.82545893416844,12.3347296508195,11.489435469825219,1327.3728628920244,982.0004326690784,2309.373295561103,3006.0,28,2011-07-01
hw_weekly,85123A,82.75613285142093,81.38994449735813,-0.4847513330972179,-0.476748764549424,1151.799341256532,1165.372378583254,2317.171719839786,2847.0,28,2011-07-01
seasonal_naive,15036,95.42857142857143,93.361285814116,-81.21428571428571,-79.45492662473795,199.0,2473.0,2672.0,2862.0,28,2011-07-01
seasonal_naive,17003,65.71428571428571,101.99556541019956,-57.0,-88.470066518847,122.0,1718.0,1840.0,1804.0,28,2011-07-01
seasonal_naive,20725,47.964285714285715,81.05009052504526,-16.464285714285715,-27.821363910681956,441.0,902.0,1343.0,1657.0,28,2011-07-01
seasonal_naive,21212,65.07142857142857,82.74296094459582,-64.21428571428571,-81.65304268846504,12.0,1810.0,1822.0,2202.0,28,2011-07-01
seasonal_naive,21213,36.285714285714285,93.90018484288355,-27.357142857142858,-70.79482439926063,125.0,891.0,1016.0,1082.0,28,2011-07-01
seasonal_naive,21232,26.75,147.73175542406312,7.178571428571429,39.64497041420118,475.0,274.0,749.0,507.0,28,2011-07-01
seasonal_naive,21977,65.46428571428571,88.67924528301887,-54.392857142857146,-73.68166424770199,155.0,1678.0,1833.0,2067.0,28,2011-07-01
seasonal_naive,21980,17.0,100.0,-16.142857142857142,-94.95798319327731,12.0,464.0,476.0,476.0,28,2011-07-01
seasonal_naive,21981,9.357142857142858,100.0,-9.214285714285714,-98.47328244274809,2.0,260.0,262.0,262.0,28,2011-07-01
seasonal_naive,21982,9.535714285714286,108.9795918367347,-6.892857142857143,-78.77551020408163,37.0,230.0,267.0,245.0,28,2011-07-01
seasonal_naive,21984,13.035714285714286,124.57337883959045,-5.321428571428571,-50.85324232081911,108.0,257.0,365.0,293.0,28,2011-07-01
seasonal_naive,22197,64.14285714285714,113.24085750315258,19.071428571428573,33.669609079445145,1165.0,631.0,1796.0,1586.0,28,2011-07-01
seasonal_naive,84077,105.5,80.57828696126569,-68.78571428571429,-52.53682487725041,514.0,2440.0,2954.0,3666.0,28,2011-07-01
seasonal_naive,84347,5.142857142857143,112.5,-4.0,-87.5,16.0,128.0,144.0,128.0,28,2011-07-01
seasonal_naive,84755,40.142857142857146,68.7041564792176,21.571428571428573,36.919315403422985,864.0,260.0,1124.0,1636.0,28,2011-07-01
seasonal_naive,84879,34.75,59.729895641497855,-10.75,-18.47759361571516,336.0,637.0,973.0,1629.0,28,2011-07-01
seasonal_naive,84991,44.035714285714285,101.98511166253101,-16.607142857142858,-38.46153846153846,384.0,849.0,1233.0,1209.0,28,2011-07-01
seasonal_naive,84992,77.60714285714286,117.39600216099406,-48.67857142857143,-73.63587250135062,405.0,1768.0,2173.0,1851.0,28,2011-07-01
seasonal_naive,85099B,101.85714285714286,94.8769128409847,9.071428571428571,8.449767132401863,1553.0,1299.0,2852.0,3006.0,28,2011-07-01
seasonal_naive,85123A,80.46428571428571,79.13593256059009,-62.964285714285715,-61.92483315770987,245.0,2008.0,2253.0,2847.0,28,2011-07-01
weekday_mean_4w,15036,169.32142857142858,165.6533892382949,12.892857142857142,12.613556953179595,2551.0,2190.0,4741.0,2862.0,28,2011-07-01
weekday_mean_4w,17003,133.94642857142858,207.89911308203992,30.785714285714285,47.78270509977827,2306.25,1444.25,3750.5,1804.0,28,2011-07-01
weekday_mean_4w,20725,48.75,82.3777911888956,-2.0,-3.379601689800845,654.5,710.5,1365.0,1657.0,28,2011-07-01
weekday_mean_4w,21212,72.48214285714286,92.16621253405995,-13.178571428571429,-16.757493188010898,830.25,1199.25,2029.5,2202.0,28,2011-07-01
weekday_mean_4w,21213,55.44642857142857,143.48428835489833,4.25,10.99815157116451,835.75,716.75,1552.5,1082.0,28,2011-07-01
weekday_mean_4w,21232,19.785714285714285,109.27021696252466,1.9642857142857142,10.848126232741617,304.5,249.5,554.0,507.0,28,2011-07-01
weekday_mean_4w,21977,86.55357142857143,117.24721819061442,-20.571428571428573,-27.866473149492016,923.75,1499.75,2423.5,2067.0,28,2011-07-01
weekday_mean_4w,21980,18.75,110.29411764705883,-10.285714285714286,-60.50420168067227,118.5,406.5,525.0,476.0,28,2011-07-01
weekday_mean_4w,21981,10.642857142857142,113.74045801526718,-8.0,-85.49618320610686,37.0,261.0,298.0,262.0,28,2011-07-01
weekday_mean_4w,21982,11.178571428571429,127.75510204081633,-1.6071428571428572,-18.367346938775512,134.0,179.0,313.0,245.0,28,2011-07-01
weekday_mean_4w,21984,13.071428571428571,124.91467576791808,-3.6785714285714284,-35.153583617747444,131.5,234.5,366.0,293.0,28,2011-07-01
weekday_mean_4w,22197,49.875,88.0517023959647,16.392857142857142,28.940731399747794,927.75,468.75,1396.5,1586.0,28,2011-07-01
weekday_mean_4w,84077,103.33928571428571,78.92798690671032,-57.035714285714285,-43.56246590289143,648.25,2245.25,2893.5,3666.0,28,2011-07-01
weekday_mean_4w,84347,4.767857142857143,104.296875,-4.357142857142857,-95.3125,5.75,127.75,133.5,128.0,28,2011-07-01
weekday_mean_4w,84755,31.928571428571427,54.645476772616135,14.285714285714286,24.449877750611247,647.0,247.0,894.0,1636.0,28,2011-07-01
weekday_mean_4w,84879,40.82142857142857,70.1657458563536,-6.607142857142857,-11.356660527931247,479.0,664.0,1143.0,1629.0,28,2011-07-01
weekday_mean_4w,84991,45.410714285714285,105.16956162117452,-15.571428571428571,-36.06286186931348,417.75,853.75,1271.5,1209.0,28,2011-07-01
weekday_mean_4w,84992,67.60714285714286,102.26904376012966,-46.714285714285715,-70.6645056726094,292.5,1600.5,1893.0,1851.0,28,2011-07-01
weekday_mean_4w,85099B,83.44642857142857,77.72787757817697,17.821428571428573,16.600133067198936,1417.75,918.75,2336.5,3006.0,28,2011-07-01
weekday_mean_4w,85123A,80.76785714285714,79.43449244819108,-55.392857142857146,-54.478398314014754,355.25,1906.25,2261.5,2847.0,28,2011-07-01
weekday_mean_8w,15036,167.99107142857142,164.35185185185185,24.928571428571427,24.388539482879107,2700.875,2002.875,4703.75,2862.0,28,2011-07-01
weekday_mean_8w,17003,123.83035714285714,192.19789356984478,27.660714285714285,42.932372505543235,2120.875,1346.375,3467.25,1804.0,28,2011-07-01
weekday_mean_8w,20725,48.464285714285715,81.89499094749547,9.910714285714286,16.747133373566687,817.25,539.75,1357.0,1657.0,28,2011-07-01
weekday_mean_8w,21212,83.71428571428571,106.44868301544051,11.696428571428571,14.872842870118074,1335.75,1008.25,2344.0,2202.0,28,2011-07-01
weekday_mean_8w,21213,44.142857142857146,114.23290203327171,-8.089285714285714,-20.933456561922366,504.75,731.25,1236.0,1082.0,28,2011-07-01
weekday_mean_8w,21232,20.133928571428573,111.19329388560158,5.571428571428571,30.76923076923077,359.875,203.875,563.75,507.0,28,2011-07-01
weekday_mean_8w,21977,110.10714285714286,149.15336236090954,22.821428571428573,30.914368650217707,1861.0,1222.0,3083.0,2067.0,28,2011-07-01
weekday_mean_8w,21980,24.660714285714285,145.06302521008402,4.482142857142857,26.365546218487395,408.0,282.5,690.5,476.0,28,2011-07-01
weekday_mean_8w,21981,11.008928571428571,117.6526717557252,-3.625,-38.74045801526717,103.375,204.875,308.25,262.0,28,2011-07-01
weekday_mean_8w,21982,19.053571428571427,217.75510204081633,9.303571428571429,106.3265306122449,397.0,136.5,533.5,245.0,28,2011-07-01
weekday_mean_8w,21984,11.830357142857142,113.05460750853243,-4.035714285714286,-38.56655290102389,109.125,222.125,331.25,293.0,28,2011-07-01
weekday_mean_8w,22197,117.16964285714286,206.85687263556116,94.51785714285714,166.86633039092055,2963.625,317.125,3280.75,1586.0,28,2011-07-01
weekday_mean_8w,84077,120.14285714285714,91.76213857064921,-14.178571428571429,-10.82924168030551,1483.5,1880.5,3364.0,3666.0,28,2011-07-01
weekday_mean_8w,84347,5.732142857142857,125.390625,-3.375,-73.828125,33.0,127.5,160.5,128.0,28,2011-07-01
weekday_mean_8w,84755,46.285714285714285,79.21760391198045,27.678571428571427,47.37163814180929,1035.5,260.5,1296.0,1636.0,28,2011-07-01
weekday_mean_8w,84879,40.13392857142857,68.9840392879067,19.696428571428573,33.85512584407612,837.625,286.125,1123.75,1629.0,28,2011-07-01
weekday_mean_8w,84991,43.330357142857146,100.35153019023987,-6.482142857142857,-15.012406947890819,515.875,697.375,1213.25,1209.0,28,2011-07-01
weekday_mean_8w,84992,67.5,102.10696920583469,-45.482142857142854,-68.80064829821718,308.25,1581.75,1890.0,1851.0,28,2011-07-01
weekday_mean_8w,85099B,83.28571428571429,77.57817697937459,18.196428571428573,16.949434464404526,1420.75,911.25,2332.0,3006.0,28,2011-07-01
weekday_mean_8w,85123A,79.28571428571429,77.9768177028451,-14.535714285714286,-14.295749912188269,906.5,1313.5,2220.0,2847.0,28,2011-07-01
hw_weekly,15036,47.571626695959104,281.6079381578975,46.82120286102334,277.1656828982354,1321.4996137977541,10.505933689100743,1332.005547486855,473.0,28,2011-09-01
hw_weekly,17003,106.91024942199226,141.00268411755926,1.6342050858307573,2.155334074576599,1519.6223631095222,1473.864620706261,2993.4869838157833,2123.0,28,2011-09-01
hw_weekly,20725,39.90369437266613,67.96249649845814,1.0440278455994534,1.778149615376198,573.2681110557182,544.0353313789335,1117.3034424346517,1644.0,28,2011-09-01
hw_weekly,21212,92.46606144454339,80.18116198349999,-15.151646519244357,-13.138621942980553,1082.4018089541867,1506.647911493029,2589.049720447215,3229.0,28,2011-09-01
hw_weekly,21213,71.97657869822056,82.35979581324789,-44.62857191466103,-51.06661273438941,382.8720949698334,1632.4721085803421,2015.3442035501757,2447.0,28,2011-09-01
hw_weekly,21232,25.211913953600817,75.58175489302171,-13.129725465085304,-39.36106135143346,169.1506388392172,536.7829518616057,705.9335907008228,934.0,28,2011-09-01
hw_weekly,21977,77.61954317042996,99.28493416044033,1.3306131708614117,1.7020177608094806,1105.3021887780792,1068.0450199939596,2173.347208772039,2189.0,28,2011-09-01
hw_weekly,21980,28.459562362704183,120.92075055473703,7.041694045139956,29.919185624266888,497.0175897098179,299.85015644589913,796.8677461557171,659.0,28,2011-09-01
hw_weekly,21981,22.038218882838017,123.90966440149889,-2.0535940605263465,-11.54631198689512,279.7847475123634,337.2853812071011,617.0701287194645,498.0,28,2011-09-01
hw_weekly,21982,35.987274865622034,251.91092405935424,13.760305511613625,96.32213858129539,696.4661252812992,311.1775709561177,1007.643696237417,400.0,28,2011-09-01
hw_weekly,21984,21.393232278202422,127.4490433595038,-4.462762620386743,-26.586670929963574,237.02657520941955,361.9839285802483,599.0105037896678,470.0,28,2011-09-01
hw_weekly,22197,77.80225960603205,77.38768273424148,23.392880419969345,23.26822919215423,1416.7319603640192,761.7313086048779,2178.4632689688974,2815.0,28,2011-09-01
hw_weekly,84077,87.25649751897102,80.57987897530305,21.478360873462602,19.83489790425306,1522.2880174940708,920.893913037118,2443.1819305311883,3032.0,28,2011-09-01
hw_weekly,84347,31.132705398622914,117.95882965648735,-5.467061269213431,-20.71416989688445,359.3190178117328,512.3967333497089,871.7157511614416,739.0,28,2011-09-01
hw_weekly,84755,46.795781569079104,104.99053557165183,8.444180900949329,18.945277662386314,773.3594745803981,536.9224093538168,1310.2818839342149,1248.0,28,2011-09-01
hw_weekly,84879,70.57179838499397,69.77437693431607,22.85834549370798,22.600059103948567,1308.022014301827,667.9883404780039,1976.010354779831,2832.0,28,2011-09-01
hw_weekly,84991,77.77148678609561,95.0087971208847,-34.43211557145656,-42.06366649218079,606.7511970049468,1570.8504330057308,2177.601630010677,2292.0,28,2011-09-01
hw_weekly,84992,45.811326409255706,89.88907774766362,-10.37194274196219,-20.351394307984677,496.1513713421092,786.5657681170507,1282.7171394591599,1427.0,28,2011-09-01
hw_weekly,85099B,78.23356133585426,55.274784693512984,-15.689776909206753,-11.085383635069116,875.6129819730651,1314.926735430854,2190.5397174039194,3963.0,28,2011-09-01
hw_weekly,85123A,49.513756651217,60.01667472874787,9.634908495562664,11.678676964318381,828.0813120549153,558.3038741791607,1386.385186234076,2310.0,28,2011-09-01
seasonal_naive,15036,24.178571428571427,143.12896405919662,1.9642857142857142,11.627906976744185,366.0,311.0,677.0,473.0,28,2011-09-01
seasonal_naive,17003,81.67857142857143,107.72491756947716,-39.535714285714285,-52.14319359397079,590.0,1697.0,2287.0,2123.0,28,2011-09-01
seasonal_naive,20725,45.357142857142854,77.25060827250608,-34.285714285714285,-58.394160583941606,155.0,1115.0,1270.0,1644.0,28,2011-09-01
seasonal_naive,21212,93.32142857142857,80.92288634252091,-72.17857142857143,-62.58903685351502,296.0,2317.0,2613.0,3229.0,28,2011-09-01
seasonal_naive,21213,90.03571428571429,103.02411115651819,-71.39285714285714,-81.69186759297098,261.0,2260.0,2521.0,2447.0,28,2011-09-01
seasonal_naive,21232,26.857142857142858,80.51391862955032,-19.5,-58.45824411134904,103.0,649.0,752.0,934.0,28,2011-09-01
seasonal_naive,21977,76.82142857142857,98.26404751027867,-76.32142857142857,-97.62448606669712,7.0,2144.0,2151.0,2189.0,28,2011-09-01
seasonal_naive,21980,24.178571428571427,102.73141122913505,-20.107142857142858,-85.43247344461305,57.0,620.0,677.0,659.0,28,2011-09-01
seasonal_naive,21981,22.5,126.50602409638554,-0.07142857142857142,-0.40160642570281124,314.0,316.0,630.0,498.0,28,2011-09-01
seasonal_naive,21982,15.714285714285714,110.0,1.2857142857142858,9.0,238.0,202.0,440.0,400.0,28,2011-09-01
seasonal_naive,21984,16.714285714285715,99.57446808510639,-6.214285714285714,-37.02127659574468,147.0,321.0,468.0,470.0,28,2011-09-01
seasonal_naive,22197,93.89285714285714,93.39253996447601,17.892857142857142,17.79751332149201,1565.0,1064.0,2629.0,2815.0,28,2011-09-01
seasonal_naive,84077,91.0,84.03693931398416,-80.57142857142857,-74.40633245382585,146.0,2402.0,2548.0,3032.0,28,2011-09-01
seasonal_naive,84347,30.25,114.61434370771313,-15.678571428571429,-59.40460081190798,204.0,643.0,847.0,739.0,28,2011-09-01
seasonal_naive,84755,40.857142857142854,91.66666666666667,-8.0,-17.94871794871795,460.0,684.0,1144.0,1248.0,28,2011-09-01
seasonal_naive,84879,73.71428571428571,72.88135593220339,-26.285714285714285,-25.98870056497175,664.0,1400.0,2064.0,2832.0,28,2011-09-01
seasonal_naive,84991,81.0,98.95287958115183,-63.42857142857143,-77.4869109947644,246.0,2022.0,2268.0,2292.0,28,2011-09-01
seasonal_naive,84992,44.17857142857143,86.6853538892782,-34.107142857142854,-66.92361597757534,141.0,1096.0,1237.0,1427.0,28,2011-09-01
seasonal_naive,85099B,109.60714285714286,77.44133232399697,-88.10714285714286,-62.25082008579359,301.0,2768.0,3069.0,3963.0,28,2011-09-01
seasonal_naive,85123A,60.285714285714285,73.07359307359307,-43.357142857142854,-52.55411255411256,237.0,1451.0,1688.0,2310.0,28,2011-09-01
weekday_mean_4w,15036,35.732142857142854,211.52219873150105,31.928571428571427,189.0063424947146,947.25,53.25,1000.5,473.0,28,2011-09-01
weekday_mean_4w,17003,92.125,121.50259067357513,-26.5,-34.95054168629298,918.75,1660.75,2579.5,2123.0,28,2011-09-01
weekday_mean_4w,20725,48.69642857142857,82.93795620437956,5.821428571428571,9.914841849148418,763.25,600.25,1363.5,1644.0,28,2011-09-01
weekday_mean_4w,21212,111.26785714285714,96.48497986992876,-14.5,-12.573552183338494,1354.75,1760.75,3115.5,3229.0,28,2011-09-01
weekday_mean_4w,21213,99.625,113.9967306906416,-44.32142857142857,-50.71516142214957,774.25,2015.25,2789.5,2447.0,28,2011-09-01
weekday_mean_4w,21232,27.375,82.06638115631692,-15.714285714285714,-47.109207708779444,163.25,603.25,766.5,934.0,28,2011-09-01
weekday_mean_4w,21977,92.01785714285714,117.70214709913202,-2.0357142857142856,-2.603928734582001,1259.75,1316.75,2576.5,2189.0,28,2011-09-01
weekday_mean_4w,21980,22.875,97.1927162367223,-16.964285714285715,-72.07890743550834,82.75,557.75,640.5,659.0,28,2011-09-01
weekday_mean_4w,21981,19.357142857142858,108.83534136546184,-6.714285714285714,-37.75100401606426,177.0,365.0,542.0,498.0,28,2011-09-01
weekday_mean_4w,21982,13.607142857142858,95.25,-2.607142857142857,-18.25,154.0,227.0,381.0,400.0,28,2011-09-01
weekday_mean_4w,21984,15.75,93.82978723404256,-8.571428571428571,-51.06382978723404,100.5,340.5,441.0,470.0,28,2011-09-01
weekday_mean_4w,22197,160.96428571428572,160.10657193605684,90.17857142857143,89.69804618117229,3516.0,991.0,4507.0,2815.0,28,2011-09-01
weekday_mean_4w,84077,81.76785714285714,75.51121372031662,-30.964285714285715,-28.594986807387862,711.25,1578.25,2289.5,3032.0,28,2011-09-01
weekday_mean_4w,84347,26.392857142857142,100.0,-22.25,-84.30311231393776,58.0,681.0,739.0,739.0,28,2011-09-01
weekday_mean_4w,84755,48.57142857142857,108.97435897435898,8.571428571428571,19.23076923076923,800.0,560.0,1360.0,1248.0,28,2011-09-01
weekday_mean_4w,84879,178.125,176.11228813559322,125.96428571428571,124.5409604519774,4257.25,730.25,4987.5,2832.0,28,2011-09-01
weekday_mean_4w,84991,85.21428571428571,104.10122164048866,-34.82142857142857,-42.539267015706805,705.5,1680.5,2386.0,2292.0,28,2011-09-01
weekday_mean_4w,84992,43.642857142857146,85.63419761737912,-33.5,-65.7323055360897,142.0,1080.0,1222.0,1427.0,28,2011-09-01
weekday_mean_4w,85099B,108.44642857142857,76.62124653040625,39.25,27.731516527882917,2067.75,968.75,3036.5,3963.0,28,2011-09-01
weekday_mean_4w,85123A,56.982142857142854,69.06926406926407,-14.357142857142858,-17.4025974025974,596.75,998.75,1595.5,2310.0,28,2011-09-01
weekday_mean_8w,15036,38.794642857142854,229.65116279069767,35.714285714285715,211.41649048625794,1043.125,43.125,1086.25,473.0,28,2011-09-01
weekday_mean_8w,17003,103.32142857142857,136.26943005181346,-21.5,-28.35609985869053,1145.5,1747.5,2893.0,2123.0,28,2011-09-01
weekday_mean_8w,20725,46.473214285714285,79.1514598540146,4.607142857142857,7.846715328467154,715.125,586.125,1301.25,1644.0,28,2011-09-01
weekday_mean_8w,21212,95.40178571428571,82.7268504180861,-20.857142857142858,-18.086094766181482,1043.625,1627.625,2671.25,3229.0,28,2011-09-01
weekday_mean_8w,21213,82.88392857142857,94.8406211687781,-50.857142857142854,-58.19370657948508,448.375,1872.375,2320.75,2447.0,28,2011-09-01
weekday_mean_8w,21232,24.017857142857142,72.00214132762312,-14.982142857142858,-44.91434689507495,126.5,546.0,672.5,934.0,28,2011-09-01
weekday_mean_8w,21977,82.41071428571429,105.41343079031522,3.25,4.157149383280037,1199.25,1108.25,2307.5,2189.0,28,2011-09-01
weekday_mean_8w,21980,20.741071428571427,88.12594840667678,-11.678571428571429,-49.6206373292868,126.875,453.875,580.75,659.0,28,2011-09-01
weekday_mean_8w,21981,18.419642857142858,103.56425702811245,-6.928571428571429,-38.95582329317269,160.875,354.875,515.75,498.0,28,2011-09-01
weekday_mean_8w,21982,12.973214285714286,90.8125,-2.6607142857142856,-18.625,144.375,218.875,363.25,400.0,28,2011-09-01
weekday_mean_8w,21984,16.241071428571427,96.75531914893617,-8.428571428571429,-50.212765957446805,109.375,345.375,454.75,470.0,28,2011-09-01
weekday_mean_8w,22197,101.19642857142857,100.65719360568383,23.946428571428573,23.818827708703374,1752.0,1081.5,2833.5,2815.0,28,2011-09-01
weekday_mean_8w,84077,77.16964285714286,71.26484168865436,-14.625,-13.505936675461742,875.625,1285.125,2160.75,3032.0,28,2011-09-01
weekday_mean_8w,84347,24.892857142857142,94.31664411366712,-22.035714285714285,-83.49120433017592,40.0,657.0,697.0,739.0,28,2011-09-01
weekday_mean_8w,84755,46.30357142857143,103.88621794871794,10.035714285714286,22.516025641025642,788.75,507.75,1296.5,1248.0,28,2011-09-01
weekday_mean_8w,84879,97.70535714285714,96.6013418079096,43.892857142857146,43.39689265536723,1982.375,753.375,2735.75,2832.0,28,2011-09-01
weekday_mean_8w,84991,78.875,96.35689354275742,-43.142857142857146,-52.705061082024436,500.25,1708.25,2208.5,2292.0,28,2011-09-01
weekday_mean_8w,84992,65.76785714285714,129.0469516468115,-6.089285714285714,-11.948142957252978,835.5,1006.0,1841.5,1427.0,28,2011-09-01
weekday_mean_8w,85099B,81.24107142857143,57.3996971990916,1.7321428571428572,1.223820338127681,1161.625,1113.125,2274.75,3963.0,28,2011-09-01
weekday_mean_8w,85123A,48.99107142857143,59.383116883116884,5.267857142857143,6.3852813852813854,759.625,612.125,1371.75,2310.0,28,2011-09-01
hw_weekly,15036,25.09050748915462,117.08903494938822,16.475237531304153,76.8844418127527,581.9204302864227,120.61377940990664,702.5342096963294,600.0,28,2011-11-01
hw_weekly,17003,75.61786640667891,220.32260763652548,46.246215195308764,134.7444355326374,1706.0971424278277,411.2031169591823,2117.3002593870096,961.0,28,2011-11-01
hw_weekly,20725,34.989334852767335,52.87109421896845,-13.965227104757696,-21.10233993163602,294.337508472135,685.3638674053506,979.7013758774855,1853.0,28,2011-11-01
hw_weekly,21212,64.41950126426387,77.34760014577137,12.87344359064599,15.456964860123833,1082.1012279687382,721.6448074306504,1803.7460353993883,2332.0,28,2011-11-01
hw_weekly,21213,35.94372413434742,187.06770924939178,34.55563805982685,179.84346945634792,986.9910707184398,19.43320504328804,1006.4242757617277,538.0,28,2011-11-01
hw_weekly,21232,39.193549967914876,79.23605769686762,-14.812505593668154,-29.945859683950058,341.3346212394542,756.0847778621626,1097.4193991016166,1385.0,28,2011-11-01
hw_weekly,21977,55.4622218759744,124.63420646286382,29.112273927822997,65.42084028724268,1184.0429412531635,368.89927127411954,1552.9422125272831,1246.0,28,2011-11-01
hw_weekly,21980,17.11971601005964,149.330856162514,9.640852727429563,84.09466553521115,374.6479623248489,104.7040859568211,479.35204828166997,321.0,28,2011-11-01
hw_weekly,21981,14.322509379895392,164.35666501519302,5.151001117494807,59.10984888928467,272.62914696346274,128.4011156736082,401.03026263707096,244.0,28,2011-11-01
hw_weekly,21982,50.14153664899344,152.93714882045927,12.211653926449305,37.246874721196136,872.9446680561985,531.0183581156178,1403.9630261718162,918.0,28,2011-11-01
hw_weekly,21984,12.057362123330071,239.43697833563263,6.820898660271483,135.4504698493628,264.2956509704218,73.31048848282023,337.606139453242,141.0,28,2011-11-01
hw_weekly,22197,287.69506708889213,71.96231801401626,-225.1099899866858,-56.307662315769186,876.1910794308887,7179.270799058091,8055.46187848898,11194.0,28,2011-11-01
hw_weekly,84077,86.44362027729888,57.32878654107931,-13.745999856950212,-9.116248128721127,1017.7666858848813,1402.6546818794873,2420.4213677643684,4222.0,28,2011-11-01
hw_weekly,84347,81.37290211521615,83.2763618138177,-52.99702706539567,-54.23672360493709,397.2622506974868,1881.1790085285656,2278.4412592260524,2736.0,28,2011-11-01
hw_weekly,84755,30.0650246452534,92.71152974307215,-1.612170302011452,-4.971450270519896,398.33996080538714,443.4807292617079,841.8206900670951,908.0,28,2011-11-01
hw_weekly,84879,110.49610431420022,61.69274019536603,-74.6204692156226,-41.66247533474442,502.2588913800863,2591.6320294175193,3093.890920797606,5015.0,28,2011-11-01
hw_weekly,84991,44.88404875922556,93.6477917480116,10.657878629012389,22.237004591083974,777.5869834353313,479.1663818229843,1256.7533652583156,1342.0,28,2011-11-01
hw_weekly,84992,35.54330514996804,128.91354199470274,13.236697642090691,48.008747924681266,682.9200390888223,312.29250511028295,995.2125441991052,772.0,28,2011-11-01
hw_weekly,85099B,128.2456397023264,64.64226663663617,-69.3411091398822,-34.95141414791542,824.6634278742192,2766.214483790921,3590.8779116651394,5555.0,28,2011-11-01
hw_weekly,85123A,104.40055048325648,64.78757565450313,-79.00770133937654,-49.02960189500317,355.49988801431925,2567.7155255168623,2923.2154135311816,4512.0,28,2011-11-01
seasonal_naive,15036,26.357142857142858,123.0,-5.428571428571429,-25.333333333333332,293.0,445.0,738.0,600.0,28,2011-11-01
seasonal_naive,17003,244.82142857142858,713.3194588969823,211.53571428571428,616.3371488033299,6389.0,466.0,6855.0,961.0,28,2011-11-01
seasonal_naive,20725,41.464285714285715,62.655153804641124,-21.035714285714285,-31.786292498650838,286.0,875.0,1161.0,1853.0,28,2011-11-01
seasonal_naive,21212,68.5,82.24699828473413,-1.7142857142857142,-2.058319039451115,935.0,983.0,1918.0,2332.0,28,2011-11-01
seasonal_naive,21213,62.5,325.2788104089219,61.07142857142857,317.8438661710037,1730.0,20.0,1750.0,538.0,28,2011-11-01
seasonal_naive,21232,42.67857142857143,86.28158844765343,-25.607142857142858,-51.768953068592054,239.0,956.0,1195.0,1385.0,28,2011-11-01
seasonal_naive,21977,40.0,89.88764044943821,-23.928571428571427,-53.77207062600321,225.0,895.0,1120.0,1246.0,28,2011-11-01
seasonal_naive,21980,13.678571428571429,119.31464174454828,0.9642857142857143,8.411214953271028,205.0,178.0,383.0,321.0,28,2011-11-01
seasonal_naive,21981,18.714285714285715,214.75409836065575,5.142857142857143,59.01639344262295,334.0,190.0,524.0,244.0,28,2011-11-01
seasonal_naive,21982,39.785714285714285,121.35076252723312,-13.5,-41.1764705882353,368.0,746.0,1114.0,918.0,28,2011-11-01
seasonal_naive,21984,8.178571428571429,162.4113475177305,0.9642857142857143,19.148936170212767,128.0,101.0,229.0,141.0,28,2011-11-01
seasonal_naive,22197,532.0,133.07128819010185,-6.5,-1.6258710023226728,7357.0,7539.0,14896.0,11194.0,28,2011-11-01
seasonal_naive,84077,758.6428571428571,503.1264803410706,584.9285714285714,387.9204168640455,18810.0,2432.0,21242.0,4222.0,28,2011-11-01
seasonal_naive,84347,85.64285714285714,87.64619883040936,-71.28571428571429,-72.953216374269,201.0,2197.0,2398.0,2736.0,28,2011-11-01
seasonal_naive,84755,27.285714285714285,84.14096916299559,-15.285714285714286,-47.136563876651984,168.0,596.0,764.0,908.0,28,2011-11-01
seasonal_naive,84879,148.32142857142858,82.81156530408774,-69.10714285714286,-38.584247258225325,1109.0,3044.0,4153.0,5015.0,28,2011-11-01
seasonal_naive,84991,87.07142857142857,181.66915052160954,18.214285714285715,38.00298062593144,1474.0,964.0,2438.0,1342.0,28,2011-11-01
seasonal_naive,84992,59.714285714285715,216.58031088082902,19.285714285714285,69.94818652849742,1106.0,566.0,1672.0,772.0,28,2011-11-01
seasonal_naive,85099B,152.75,76.99369936993699,-138.67857142857142,-69.9009900990099,197.0,4080.0,4277.0,5555.0,28,2011-11-01
seasonal_naive,85123A,122.42857142857143,75.97517730496453,-86.42857142857143,-53.63475177304964,504.0,2924.0,3428.0,4512.0,28,2011-11-01
weekday_mean_4w,15036,39.892857142857146,186.16666666666666,19.964285714285715,93.16666666666667,838.0,279.0,1117.0,600.0,28,2011-11-01
weekday_mean_4w,17003,85.32142857142857,248.5952133194589,49.142857142857146,143.18418314255985,1882.5,506.5,2389.0,961.0,28,2011-11-01
weekday_mean_4w,20725,37.69642857142857,56.96168375607124,-18.892857142857142,-28.54830005396654,263.25,792.25,1055.5,1853.0,28,2011-11-01
weekday_mean_4w,21212,58.67857142857143,70.45454545454545,-10.357142857142858,-12.435677530017152,676.5,966.5,1643.0,2332.0,28,2011-11-01
weekday_mean_4w,21213,34.410714285714285,179.08921933085503,29.857142857142858,155.3903345724907,899.75,63.75,963.5,538.0,28,2011-11-01
weekday_mean_4w,21232,40.875,82.63537906137184,-11.821428571428571,-23.898916967509024,406.75,737.75,1144.5,1385.0,28,2011-11-01
weekday_mean_4w,21977,46.267857142857146,103.97271268057784,5.071428571428571,11.396468699839486,718.75,576.75,1295.5,1246.0,28,2011-11-01
weekday_mean_4w,21980,26.071428571428573,227.41433021806853,17.857142857142858,155.76323987538942,615.0,115.0,730.0,321.0,28,2011-11-01
weekday_mean_4w,21981,11.660714285714286,133.81147540983608,-1.6071428571428572,-18.442622950819672,140.75,185.75,326.5,244.0,28,2011-11-01
weekday_mean_4w,21982,30.089285714285715,91.7755991285403,-21.035714285714285,-64.16122004357298,126.75,715.75,842.5,918.0,28,2011-11-01
weekday_mean_4w,21984,7.053571428571429,140.0709219858156,3.107142857142857,61.702127659574465,142.25,55.25,197.5,141.0,28,2011-11-01
weekday_mean_4w,22197,300.42857142857144,75.14740039306771,-192.92857142857142,-48.25799535465428,1505.0,6907.0,8412.0,11194.0,28,2011-11-01
weekday_mean_4w,84077,219.71428571428572,145.7129322595926,132.53571428571428,87.89673140691616,4931.5,1220.5,6152.0,4222.0,28,2011-11-01
weekday_mean_4w,84347,76.08928571428571,77.86915204678363,-29.5,-30.190058479532162,652.25,1478.25,2130.5,2736.0,28,2011-11-01
weekday_mean_4w,84755,29.285714285714285,90.30837004405286,-8.0,-24.669603524229075,298.0,522.0,820.0,908.0,28,2011-11-01
weekday_mean_4w,84879,120.83928571428571,67.46759720837487,-83.96428571428571,-46.87936191425723,516.25,2867.25,3383.5,5015.0,28,2011-11-01
weekday_mean_4w,84991,61.67857142857143,128.68852459016392,6.25,13.040238450074515,951.0,776.0,1727.0,1342.0,28,2011-11-01
weekday_mean_4w,84992,40.607142857142854,147.279792746114,2.8214285714285716,10.233160621761659,608.0,529.0,1137.0,772.0,28,2011-11-01
weekday_mean_4w,85099B,152.71428571428572,76.97569756975697,-6.857142857142857,-3.4563456345634562,2042.0,2234.0,4276.0,5555.0,28,2011-11-01
weekday_mean_4w,85123A,113.91071428571429,70.6892730496454,-101.92857142857143,-63.25354609929078,167.75,3021.75,3189.5,4512.0,28,2011-11-01
weekday_mean_8w,15036,28.339285714285715,132.25,8.160714285714286,38.083333333333336,511.0,282.5,793.5,600.0,28,2011-11-01
weekday_mean_8w,17003,67.29464285714286,196.07180020811654,45.142857142857146,131.5296566077003,1574.125,310.125,1884.25,961.0,28,2011-11-01
weekday_mean_8w,20725,32.892857142857146,49.70318402590394,-15.839285714285714,-23.93416082029142,238.75,682.25,921.0,1853.0,28,2011-11-01
weekday_mean_8w,21212,65.58035714285714,78.74142367066895,5.392857142857143,6.475128644939966,993.625,842.625,1836.25,2332.0,28,2011-11-01
weekday_mean_8w,21213,46.67857142857143,242.9368029739777,46.67857142857143,242.9368029739777,1307.0,0.0,1307.0,538.0,28,2011-11-01
weekday_mean_8w,21232,38.526785714285715,77.88808664259928,-14.107142857142858,-28.51985559566787,341.875,736.875,1078.75,1385.0,28,2011-11-01
weekday_mean_8w,21977,49.526785714285715,111.29614767255217,16.821428571428573,37.80096308186196,928.875,457.875,1386.75,1246.0,28,2011-11-01
weekday_mean_8w,21980,18.714285714285715,163.2398753894081,12.821428571428571,111.8380062305296,441.5,82.5,524.0,321.0,28,2011-11-01
weekday_mean_8w,21981,11.625,133.4016393442623,2.6785714285714284,30.737704918032787,200.25,125.25,325.5,244.0,28,2011-11-01
weekday_mean_8w,21982,27.848214285714285,84.9400871459695,-21.267857142857142,-64.86928104575163,92.125,687.625,779.75,918.0,28,2011-11-01
weekday_mean_8w,21984,8.839285714285714,175.53191489361703,6.196428571428571,123.04964539007092,210.5,37.0,247.5,141.0,28,2011-11-01
weekday_mean_8w,22197,300.33035714285717,75.12283366088977,-235.39285714285714,-58.87975701268537,909.125,7500.125,8409.25,11194.0,28,2011-11-01
weekday_mean_8w,84077,152.70535714285714,101.2730933207011,50.339285714285715,33.384651823780196,2842.625,1433.125,4275.75,4222.0,28,2011-11-01
weekday_mean_8w,84347,72.6875,74.38779239766082,-48.17857142857143,-49.30555555555556,343.125,1692.125,2035.25,2736.0,28,2011-11-01
weekday_mean_8w,84755,32.142857142857146,99.11894273127753,-0.9285714285714286,-2.8634361233480177,437.0,463.0,900.0,908.0,28,2011-11-01
weekday_mean_8w,84879,115.98214285714286,64.75573280159522,-79.39285714285714,-44.327018943170486,512.25,2735.25,3247.5,5015.0,28,2011-11-01
weekday_mean_8w,84991,57.330357142857146,119.61624441132638,15.25,31.818181818181817,1016.125,589.125,1605.25,1342.0,28,2011-11-01
weekday_mean_8w,84992,37.982142857142854,137.75906735751295,10.107142857142858,36.6580310880829,673.25,390.25,1063.5,772.0,28,2011-11-01
weekday_mean_8w,85099B,131.5625,66.31413141314131,-33.267857142857146,-16.768676867686768,1376.125,2307.625,3683.75,5555.0,28,2011-11-01
weekday_mean_8w,85123A,106.58928571428571,66.14583333333333,-93.0,-57.712765957446805,190.25,2794.25,2984.5,4512.0,28,2011-11-01
