model,baseline,model_wape,baseline_wape,relative_wape_reduction_pct,error_reduction_units,wins,losses,ties,undefined,comparable_products,win_pct,forecast_start
hw_weekly,seasonal_naive,159.61418780542064,100.0,-59.61418780542064,-15836.508990509996,5,15,0,0,20,25.0,2011-01-01
hw_weekly,weekday_mean_4w,159.61418780542064,122.69715791454922,-30.087925847949784,-9807.008990509996,3,17,0,0,20,15.0,2011-01-01
hw_weekly,weekday_mean_8w,159.61418780542064,179.02409185017882,10.842062564965772,5156.241009490004,11,9,0,0,20,55.0,2011-01-01
hw_weekly,seasonal_naive,113.94809750520737,106.67987036370184,-6.813119585472022,-2422.064012635303,10,10,0,0,20,50.0,2011-03-01
hw_weekly,weekday_mean_4w,113.94809750520737,103.68803264914176,-9.895129258343136,-3419.064012635303,7,13,0,0,20,35.0,2011-03-01
hw_weekly,weekday_mean_8w,113.94809750520737,97.58432361061097,-16.768855169701734,-5453.064012635303,5,15,0,0,20,25.0,2011-03-01
hw_weekly,seasonal_naive,97.98844269370835,103.96311387518764,5.746914418754477,2785.9891719238003,9,11,0,0,20,45.0,2011-05-01
hw_weekly,weekday_mean_4w,97.98844269370835,101.53227535921081,3.4903508790330426,1652.4891719238003,11,9,0,0,20,55.0,2011-05-01
hw_weekly,weekday_mean_8w,97.98844269370835,93.06830366716706,-5.286589346397462,-2294.2608280761997,10,10,0,0,20,50.0,2011-05-01
hw_weekly,seasonal_naive,112.29929667361607,90.75286151862002,-23.741879643734766,-6682.626863322024,4,16,0,0,20,20.0,2011-07-01
hw_weekly,weekday_mean_4w,112.29929667361607,103.63050137030469,-8.36510022501486,-2688.6268633220243,9,11,0,0,20,45.0,2011-07-01
hw_weekly,weekday_mean_8w,112.29929667361607,114.45590843140415,1.8842292961053972,668.8731366779757,11,9,0,0,20,55.0,2011-07-01
hw_weekly,seasonal_naive,88.91490212348342,89.51965065502183,0.675548359620966,216.04036540678499,11,9,0,0,20,55.0,2011-09-01
hw_weekly,weekday_mean_4w,88.91490212348342,107.26402418542156,17.10650164515458,6555.040365406785,11,9,0,0,20,55.0,2011-09-01
hw_weekly,weekday_mean_8w,88.91490212348342,91.21878848953085,2.525670866930942,823.040365406785,9,11,0,0,20,45.0,2011-09-01
hw_weekly,seasonal_naive,79.79082080412968,154.40752217117213,48.32452481448691,34916.885404707515,15,5,0,0,20,75.0,2011-11-01
hw_weekly,weekday_mean_4w,79.79082080412968,91.74484453467251,13.02964083831994,5593.885404707515,12,8,0,0,20,60.0,2011-11-01
hw_weekly,weekday_mean_8w,79.79082080412968,83.95982476760338,4.965474826815438,1950.8854047075147,12,8,0,0,20,60.0,2011-11-01
