baseline,product_id,outcome,model_wape,baseline_wape,error_reduction_units,relative_wape_reduction_pct,forecast_start
seasonal_naive,15036,loss,153.02635851002975,100.0,-173.9264559128976,-53.02635851002975,2011-01-01
seasonal_naive,17003,loss,195.5262902383787,100.0,-3002.3913021922426,-95.52629023837869,2011-01-01
seasonal_naive,20725,win,86.00469408236344,100.0,196.35414202444076,13.995305917636555,2011-01-01
seasonal_naive,21212,loss,118.03060607332428,100.0,-585.8143913223057,-18.03060607332428,2011-01-01
seasonal_naive,21213,loss,242.26380201645833,100.0,-947.4769214296125,-142.26380201645833,2011-01-01
seasonal_naive,21232,loss,130.86239687598504,100.0,-152.4602405673661,-30.86239687598504,2011-01-01
seasonal_naive,21977,loss,328.78540583010397,100.0,-1329.243207872904,-228.78540583010397,2011-01-01
seasonal_naive,21980,loss,339.4875353558224,100.0,-1022.6117759693614,-239.4875353558224,2011-01-01
seasonal_naive,21981,loss,353.1388824037925,100.0,-1063.1833060959284,-253.13888240379248,2011-01-01
seasonal_naive,21982,loss,415.2636016972827,100.0,-1204.3069584836198,-315.2636016972827,2011-01-01
seasonal_naive,21984,loss,3327.9126316486368,100.0,-1388.0024316089136,-3227.9126316486368,2011-01-01
seasonal_naive,22197,loss,153.1406461561869,100.0,-931.5555271179564,-53.140646156186904,2011-01-01
seasonal_naive,84077,loss,245.43830330545728,100.0,-2100.1290997308033,-145.43830330545728,2011-01-01
seasonal_naive,84347,loss,6006.1620598378595,100.0,-2008.0951003448722,-5906.1620598378595,2011-01-01
seasonal_naive,84755,loss,122.55545718436152,100.0,-132.62608824404572,-22.555457184361515,2011-01-01
seasonal_naive,84879,win,94.39790951468859,100.0,77.36486960215052,5.6020904853114075,2011-01-01
seasonal_naive,84991,loss,206.62217844003627,100.0,-944.6725009787212,-106.62217844003627,2011-01-01
seasonal_naive,84992,win,79.65407111072373,100.0,256.56216329377366,20.345928889276266,2011-01-01
seasonal_naive,85099B,win,97.51694591364682,100.0,66.91830762721838,2.483054086353178,2011-01-01
seasonal_naive,85123A,win,89.73850315919856,100.0,552.7868348139737,10.261496840801442,2011-01-01
weekday_mean_4w,15036,loss,153.02635851002975,95.42682926829268,-188.9264559128976,-60.3598900680184,2011-01-01
weekday_mean_4w,17003,loss,195.5262902383787,128.28507795100222,-2113.3913021922426,-52.41545888373618,2011-01-01
weekday_mean_4w,20725,loss,86.00469408236344,82.39486813970065,-50.64585797555924,-4.381129582660813,2011-01-01
weekday_mean_4w,21212,loss,118.03060607332428,104.69375192366883,-433.3143913223057,-12.73892080912261,2011-01-01
weekday_mean_4w,21213,loss,242.26380201645833,165.6156156156156,-510.4769214296125,-46.28077256841455,2011-01-01
weekday_mean_4w,21232,win,130.86239687598504,157.79352226720647,133.0397594326339,17.067320004186513,2011-01-01
weekday_mean_4w,21977,loss,328.78540583010397,186.40275387263338,-827.2432078729039,-76.3844143926966,2011-01-01
weekday_mean_4w,21980,loss,339.4875353558224,111.47540983606558,-973.6117759693614,-204.5402890691936,2011-01-01
weekday_mean_4w,21981,loss,353.1388824037925,118.57142857142857,-985.1833060959284,-197.82797311163225,2011-01-01
weekday_mean_4w,21982,loss,415.2636016972827,152.74869109947645,-1002.8069584836198,-171.86066126540186,2011-01-01
weekday_mean_4w,21984,loss,3327.9126316486368,511.6279069767442,-1211.0024316089136,-550.4556507313245,2011-01-01
weekday_mean_4w,22197,loss,153.1406461561869,139.0473474044495,-247.05552711795644,-10.135611368941806,2011-01-01
weekday_mean_4w,84077,loss,245.43830330545728,165.8240997229917,-1149.6290997308033,-48.011238243090546,2011-01-01
weekday_mean_4w,84347,loss,6006.1620598378595,5105.882352941177,-306.0951003448722,-17.632206241064065,2011-01-01
weekday_mean_4w,84755,loss,122.55545718436152,91.49659863945578,-182.62608824404572,-33.94536956209028,2011-01-01
weekday_mean_4w,84879,loss,94.39790951468859,92.61404779145546,-24.63513039784948,-1.9261243469780711,2011-01-01
weekday_mean_4w,84991,loss,206.62217844003627,140.51918735891647,-585.6725009787212,-47.04196795009811,2011-01-01
weekday_mean_4w,84992,win,79.65407111072373,105.86835844567803,330.56216329377366,24.761210733616004,2011-01-01
weekday_mean_4w,85099B,loss,97.51694591364682,92.35621521335807,-139.08169237278162,-5.587854253627235,2011-01-01
weekday_mean_4w,85123A,win,89.73850315919856,102.0048264340078,660.7868348139737,12.025238122183323,2011-01-01
weekday_mean_8w,15036,win,153.02635851002975,205.10670731707316,170.8235440871024,25.391831153787052,2011-01-01
weekday_mean_8w,17003,loss,195.5262902383787,125.39770919503658,-2204.1413021922426,-55.92492996364713,2011-01-01
weekday_mean_8w,20725,win,86.00469408236344,98.57448325017819,176.35414202444076,12.751564860769408,2011-01-01
weekday_mean_8w,21212,win,118.03060607332428,129.49369036626655,372.4356086776943,8.852233850560207,2011-01-01
weekday_mean_8w,21213,loss,242.26380201645833,203.41591591591592,-258.7269214296125,-19.097761316081375,2011-01-01
weekday_mean_8w,21232,win,130.86239687598504,331.831983805668,992.7897594326339,60.56365773571048,2011-01-01
weekday_mean_8w,21977,loss,328.78540583010397,302.62478485370053,-151.9932078729039,-8.644573176334648,2011-01-01
weekday_mean_8w,21980,loss,339.4875353558224,180.327868852459,-679.6117759693614,-88.26126960641061,2011-01-01
weekday_mean_8w,21981,loss,353.1388824037925,130.11904761904762,-936.6833060959284,-171.3967623231342,2011-01-01
weekday_mean_8w,21982,loss,415.2636016972827,325.4581151832461,-343.05695848361984,-27.59356191301989,2011-01-01
weekday_mean_8w,21984,loss,3327.9126316486368,854.0697674418604,-1063.7524316089136,-289.65348716376144,2011-01-01
weekday_mean_8w,22197,win,153.1406461561869,308.74215630347976,2727.6944728820436,50.398530608934244,2011-01-01
weekday_mean_8w,84077,win,245.43830330545728,332.2368421052632,1253.3709002691967,26.125500787268308,2011-01-01
weekday_mean_8w,84347,win,6006.1620598378595,7397.058823529412,472.9048996551278,18.803375731814228,2011-01-01
weekday_mean_8w,84755,loss,122.55545718436152,100.0,-132.62608824404572,-22.555457184361515,2011-01-01
weekday_mean_8w,84879,win,94.39790951468859,315.17016654598115,3048.8648696021505,70.04858976685009,2011-01-01
weekday_mean_8w,84991,loss,206.62217844003627,131.46162528216703,-665.9225009787212,-57.172998581560115,2011-01-01
weekday_mean_8w,84992,win,79.65407111072373,121.847739888977,532.0621632937737,34.62819155833216,2011-01-01
weekday_mean_8w,85099B,win,97.51694591364682,133.17254174397033,960.9183076272184,26.773984609284433,2011-01-01
weekday_mean_8w,85123A,win,89.73850315919856,106.15834416187117,884.5368348139737,15.467310772703364,2011-01-01
seasonal_naive,15036,loss,118.35119674875249,98.83659439450027,-369.02113051890956,-19.74430874900532,2011-03-01
seasonal_naive,17003,loss,150.54344008072988,100.0,-1334.3468181312692,-50.54344008072988,2011-03-01
seasonal_naive,20725,win,93.42141037296962,100.19138755980862,70.7462616024676,6.757045043215621,2011-03-01
seasonal_naive,21212,win,83.56360129665843,85.66636169563891,68.94951348257018,2.454592861608042,2011-03-01
seasonal_naive,21213,win,104.48387378391607,113.89728096676737,93.47513332571339,8.264821691044512,2011-03-01
seasonal_naive,21232,win,96.12687578603469,159.56607495069034,643.2734795296083,39.75732259144674,2011-03-01
seasonal_naive,21977,win,78.47881417234007,92.07192480588476,332.6234172028387,14.76357821583838,2011-03-01
seasonal_naive,21980,loss,614.7732894603506,212.0,-1006.9332236508767,-189.98740068884464,2011-03-01
seasonal_naive,21981,loss,132.97012828885917,101.65562913907284,-378.2791497294188,-30.804491020310984,2011-03-01
seasonal_naive,21982,loss,422.4074638072026,147.49163879598663,-821.9983167835358,-186.39417614139128,2011-03-01
seasonal_naive,21984,loss,281.074996214928,100.36764705882354,-983.0479794092084,-180.04541747421393,2011-03-01
seasonal_naive,22197,win,104.1747516630217,257.2295247724975,3027.423412105431,59.50124630710359,2011-03-01
seasonal_naive,84077,loss,111.93253976055493,100.0,-435.2990504650438,-11.932539760554933,2011-03-01
seasonal_naive,84347,loss,24489.647536470613,450.0,-1923.171802917649,-5342.143896993469,2011-03-01
seasonal_naive,84755,win,86.80725129821248,132.37547892720306,475.73229644666173,34.42346573420128,2011-03-01
seasonal_naive,84879,win,74.42783084597409,85.06550218340611,243.60267362719333,12.505270720081796,2011-03-01
seasonal_naive,84991,win,74.54924529066007,85.12820512820512,165.03177346570283,12.427091375429436,2011-03-01
seasonal_naive,84992,loss,136.9546330826201,122.22222222222223,-172.36920706665524,-12.053790703961887,2011-03-01
seasonal_naive,85099B,win,81.50908294784948,89.69167050161067,355.61525508646173,9.123018344957968,2011-03-01
seasonal_naive,85123A,loss,69.10602094834624,40.7185628742515,-474.07054983738226,-69.7162573290268,2011-03-01
weekday_mean_4w,15036,win,118.35119674875249,149.97355896351138,597.9788694810904,21.085291589601223,2011-03-01
weekday_mean_4w,17003,loss,150.54344008072988,102.08333333333333,-1279.3468181312692,-47.47112497704152,2011-03-01
weekday_mean_4w,20725,loss,93.42141037296962,90.33492822966507,-32.2537383975324,-3.4167095760098047,2011-03-01
weekday_mean_4w,21212,loss,83.56360129665843,75.63281488258616,-260.0504865174298,-10.485906714412492,2011-03-01
weekday_mean_4w,21213,loss,104.48387378391607,86.404833836858,-179.5248666742866,-20.923644134532235,2011-03-01
weekday_mean_4w,21232,loss,96.12687578603469,78.25443786982248,-181.22652047039173,-22.83888096665303,2011-03-01
weekday_mean_4w,21977,win,78.47881417234007,86.20760114425828,189.1234172028387,8.96531961141686,2011-03-01
weekday_mean_4w,21980,loss,614.7732894603506,339.2,-688.9332236508767,-81.24212543052789,2011-03-01
weekday_mean_4w,21981,loss,132.97012828885917,104.59437086092716,-342.7791497294188,-27.129335158640185,2011-03-01
weekday_mean_4w,21982,win,422.4074638072026,550.6688963210702,383.50168321646424,23.291933386970186,2011-03-01
weekday_mean_4w,21984,loss,281.074996214928,152.1139705882353,-701.5479794092084,-84.77921201319735,2011-03-01
weekday_mean_4w,22197,win,104.1747516630217,125.6572295247725,424.923412105431,17.096093828422088,2011-03-01
weekday_mean_4w,84077,win,111.93253976055493,143.24287280701753,1142.2009495349562,21.858213559180093,2011-03-01
weekday_mean_4w,84347,loss,24489.647536470613,368.75,-1929.671802917649,-6541.260348873386,2011-03-01
weekday_mean_4w,84755,win,86.80725129821248,87.11685823754789,3.232296446661735,0.3553926824256932,2011-03-01
weekday_mean_4w,84879,loss,74.42783084597409,66.37554585152839,-184.39732637280667,-12.131403050842534,2011-03-01
weekday_mean_4w,84991,win,74.54924529066007,82.98076923076923,131.53177346570283,10.16081679920455,2011-03-01
weekday_mean_4w,84992,loss,136.9546330826201,126.7094017094017,-119.86920706665524,-8.085612618324125,2011-03-01
weekday_mean_4w,85099B,loss,81.50908294784948,81.35066728025771,-6.88474491353827,-0.1947318600915924,2011-03-01
weekday_mean_4w,85123A,loss,69.10602094834624,46.047904191616766,-385.07054983738226,-50.07419373698079,2011-03-01
weekday_mean_8w,15036,win,118.35119674875249,125.15864621893178,128.72886948109044,5.439056490169659,2011-03-01
weekday_mean_8w,17003,loss,150.54344008072988,114.80113636363636,-943.5968181312692,-31.134102718180944,2011-03-01
weekday_mean_8w,20725,win,93.42141037296962,104.80861244019138,118.9962616024676,10.86475796416046,2011-03-01
weekday_mean_8w,21212,loss,83.56360129665843,73.76486733760292,-321.3004865174298,-13.283741044648279,2011-03-01
weekday_mean_8w,21213,loss,104.48387378391607,78.07150050352467,-262.2748666742866,-33.83100505311661,2011-03-01
weekday_mean_8w,21232,loss,96.12687578603469,82.61834319526628,-136.97652047039173,-16.350524675665973,2011-03-01
weekday_mean_8w,21977,win,78.47881417234007,81.55905190028606,75.37341720283871,3.776696339864141,2011-03-01
weekday_mean_8w,21980,loss,614.7732894603506,228.7,-965.1832236508767,-168.8121073285311,2011-03-01
weekday_mean_8w,21981,loss,132.97012828885917,97.57864238410596,-427.5291497294188,-36.269705173227464,2011-03-01
weekday_mean_8w,21982,loss,422.4074638072026,343.1438127090301,-236.99831678353576,-23.099251148492762,2011-03-01
weekday_mean_8w,21984,loss,281.074996214928,123.98897058823529,-854.5479794092084,-126.69354772560537,2011-03-01
weekday_mean_8w,22197,loss,104.1747516630217,95.65217391304348,-168.576587894569,-8.909967647704493,2011-03-01
weekday_mean_8w,84077,loss,111.93253976055493,107.76452850877193,-152.04905046504382,-3.8677023965670925,2011-03-01
weekday_mean_8w,84347,loss,24489.647536470613,384.375,-1928.421802917649,-6271.290415992354,2011-03-01
weekday_mean_8w,84755,loss,86.80725129821248,83.11781609195403,-38.517703553338265,-4.438801907616045,2011-03-01
weekday_mean_8w,84879,loss,74.42783084597409,58.03493449781659,-375.3973263728067,-28.246600930986197,2011-03-01
weekday_mean_8w,84991,loss,74.54924529066007,71.6826923076923,-44.71822653429717,-3.998947152631082,2011-03-01
weekday_mean_8w,84992,loss,136.9546330826201,120.12820512820512,-196.86920706665524,-14.007058489267529,2011-03-01
weekday_mean_8w,85099B,win,81.50908294784948,83.97952139898757,107.36525508646173,2.9417153253362986,2011-03-01
weekday_mean_8w,85123A,win,69.10602094834624,139.1317365269461,1169.4294501626177,50.330512165380576,2011-03-01
seasonal_naive,15036,win,88.51999994542038,96.2516156828953,358.9016025335859,8.032712679802732,2011-05-01
seasonal_naive,17003,loss,154.40401386246526,115.37045559134836,-848.1992212313698,-33.83323578904549,2011-05-01
seasonal_naive,20725,win,63.21126840824757,83.51409978308025,467.9802631898933,24.310663022851607,2011-05-01
seasonal_naive,21212,loss,88.31653986444347,86.84674104521433,-50.06134778294472,-1.692405266495758,2011-05-01
seasonal_naive,21213,loss,129.2727691502731,126.52519893899205,-20.716679393059167,-2.1715596848070304,2011-05-01
seasonal_naive,21232,win,75.70662398911492,108.48056537102474,278.2507623324143,30.21180915661394,2011-05-01
seasonal_naive,21977,loss,104.81297565393172,101.4317452480869,-136.9736437407737,-3.33350313314124,2011-05-01
seasonal_naive,21980,loss,125.03089127562899,120.93718843469591,-41.05983949455867,-3.3849826458828325,2011-05-01
seasonal_naive,21981,loss,221.73729558686324,142.18289085545723,-539.3788640789326,-55.95216432354074,2011-05-01
seasonal_naive,21982,loss,208.6437402061776,119.56521739130434,-737.5701689071504,-74.50203726334854,2011-05-01
seasonal_naive,21984,loss,781.8399509062001,156.140350877193,-1069.9463160496023,-400.72895732194837,2011-05-01
seasonal_naive,22197,win,86.91053411103053,93.83935151068533,470.1202605665794,7.383701281083375,2011-05-01
seasonal_naive,84077,win,85.18479180367673,250.81355028007468,6209.422155280159,66.03660699011122,2011-05-01
seasonal_naive,84347,loss,3894.6607948270066,100.0,-1821.4371815169632,-3794.6607948270066,2011-05-01
seasonal_naive,84755,win,67.84143311325617,71.70462387853692,111.95526837783609,5.387645253986338,2011-05-01
seasonal_naive,84879,win,60.07754199269021,73.86831275720165,402.13887549315336,18.669399976469528,2011-05-01
seasonal_naive,84991,loss,123.05489693159761,83.59433258762118,-529.1661678527239,-47.204832101045845,2011-05-01
seasonal_naive,84992,loss,226.55377015042623,105.89198036006546,-737.2435356191043,-113.94799623170081,2011-05-01
seasonal_naive,85099B,win,59.68577387293213,79.55307262569832,711.2492953490296,24.97364098837885,2011-05-01
seasonal_naive,85123A,win,57.997822632266214,66.00728787090057,307.7236544683319,12.134213504271765,2011-05-01
weekday_mean_4w,15036,loss,88.51999994542038,86.62214562688496,-88.0983974664141,-2.1909574102565115,2011-05-01
weekday_mean_4w,17003,loss,154.40401386246526,106.92590888173032,-1031.6992212313698,-44.40280702523651,2011-05-01
weekday_mean_4w,20725,win,63.21126840824757,69.97830802603036,155.98026318989332,9.67019610600703,2011-05-01
weekday_mean_4w,21212,win,88.31653986444347,101.57075748678803,451.4386522170553,13.049245619802154,2011-05-01
weekday_mean_4w,21213,win,129.2727691502731,231.0344827586207,767.2833206069408,44.04611484540418,2011-05-01
weekday_mean_4w,21232,loss,75.70662398911492,67.02002355712602,-73.7492376675857,-12.961201699048456,2011-05-01
weekday_mean_4w,21977,win,104.81297565393172,123.74722290792397,767.0263562592263,15.300745187696512,2011-05-01
weekday_mean_4w,21980,loss,125.03089127562899,91.77467597208374,-333.5598394945587,-36.2368103742052,2011-05-01
weekday_mean_4w,21981,loss,221.73729558686324,112.02064896755162,-743.8788640789326,-97.94323424344078,2011-05-01
weekday_mean_4w,21982,loss,208.6437402061776,196.8599033816425,-97.57016890715045,-5.98589993295402,2011-05-01
weekday_mean_4w,21984,loss,781.8399509062001,139.47368421052633,-1098.4463160496023,-460.5644931025585,2011-05-01
weekday_mean_4w,22197,win,86.91053411103053,99.32203389830508,842.1202605665794,12.496219922341274,2011-05-01
weekday_mean_4w,84077,win,85.18479180367673,148.61296345692185,2377.922155280159,42.68010688827353,2011-05-01
weekday_mean_4w,84347,loss,3894.6607948270066,112.5,-1815.4371815169632,-3361.920706512895,2011-05-01
weekday_mean_4w,84755,win,67.84143311325617,69.91028295376121,59.95526837783609,2.959292614898125,2011-05-01
weekday_mean_4w,84879,win,60.07754199269021,62.32853223593964,65.63887549315336,3.6114924617966144,2011-05-01
weekday_mean_4w,84991,win,123.05489693159761,138.73974645786726,210.3338321472761,11.305231504825366,2011-05-01
weekday_mean_4w,84992,loss,226.55377015042623,190.34369885433716,-221.24353561910425,-19.02351982967362,2011-05-01
weekday_mean_4w,85099B,win,59.68577387293213,63.03072625698324,119.74929534902958,5.306859975582974,2011-05-01
weekday_mean_4w,85123A,win,57.997822632266214,92.84226965122332,1338.723654468332,37.53080051775531,2011-05-01
weekday_mean_8w,15036,win,88.51999994542038,90.16587677725119,76.4016025335859,1.8253877083642562,2011-05-01
weekday_mean_8w,17003,loss,154.40401386246526,141.1067648412333,-288.94922123136985,-9.423537586021043,2011-05-01
weekday_mean_8w,20725,loss,63.21126840824757,63.09110629067245,-2.7697368101066786,-0.19045809249486095,2011-05-01
weekday_mean_8w,21212,win,88.31653986444347,98.86230182031709,359.1886522170553,10.667121604189036,2011-05-01
weekday_mean_8w,21213,win,129.2727691502731,162.6657824933687,251.78332060694083,20.5286033923311,2011-05-01
weekday_mean_8w,21232,loss,75.70662398911492,67.37338044758539,-70.7492376675857,-12.368747843983511,2011-05-01
weekday_mean_8w,21977,win,104.81297565393172,114.71241668723772,401.0263562592263,8.629790321911475,2011-05-01
weekday_mean_8w,21980,loss,125.03089127562899,87.4875373878365,-376.5598394945587,-42.91280222160213,2011-05-01
weekday_mean_8w,21981,loss,221.73729558686324,138.90117994100294,-561.6288640789326,-59.63672567867618,2011-05-01
weekday_mean_8w,21982,loss,208.6437402061776,141.5157004830918,-555.8201689071504,-47.43504748514192,2011-05-01
weekday_mean_8w,21984,loss,781.8399509062001,136.54970760233917,-1103.4463160496023,-472.56801543880187,2011-05-01
weekday_mean_8w,22197,win,86.91053411103053,92.0265291083272,347.1202605665794,5.559261059682557,2011-05-01
weekday_mean_8w,84077,win,85.18479180367673,97.57268604961322,464.42215528015913,12.696067667582263,2011-05-01
weekday_mean_8w,84347,loss,3894.6607948270066,116.66666666666667,-1813.4371815169632,-3238.280681280291,2011-05-01
weekday_mean_8w,84755,loss,67.84143311325617,67.14975845410628,-20.04473162216391,-1.0300478736980472,2011-05-01
weekday_mean_8w,84879,win,60.07754199269021,63.460219478738,98.63887549315336,5.330390461667308,2011-05-01
weekday_mean_8w,84991,win,123.05489693159761,124.25428784489188,16.083832147276098,0.9652712466482286,2011-05-01
weekday_mean_8w,84992,loss,226.55377015042623,207.4468085106383,-116.74353561910425,-9.210535354564435,2011-05-01
weekday_mean_8w,85099B,win,59.68577387293213,66.92039106145252,258.9992953490296,10.810781398269013,2011-05-01
weekday_mean_8w,85123A,win,57.997822632266214,66.90525767829256,342.2236544683319,13.313505328470418,2011-05-01
seasonal_naive,15036,loss,136.12971551711598,93.361285814116,-1224.0324580998595,-45.809597982779174,2011-07-01
seasonal_naive,17003,loss,159.10201386748443,101.99556541019956,-1030.2003301694194,-55.98914837877277,2011-07-01
seasonal_naive,20725,win,68.84294508303212,81.05009052504526,202.27239997415768,15.06123603679507,2011-07-01
seasonal_naive,21212,loss,97.62100649227561,82.74296094459582,-327.6145629599091,-17.981040777162953,2011-07-01
seasonal_naive,21213,loss,116.02085289744683,93.90018484288355,-239.34562835037468,-23.557640585666807,2011-07-01
seasonal_naive,21232,win,104.93578738964459,147.73175542406312,216.97555793450192,28.968699323698527,2011-07-01
seasonal_naive,21977,loss,116.93342422405111,88.67924528301887,-584.0138787111364,-31.86109540158954,2011-07-01
seasonal_naive,21980,loss,110.12690607533081,100.0,-48.20407291857464,-10.126906075330808,2011-07-01
seasonal_naive,21981,loss,369.8484166436737,100.0,-707.0028516064251,-269.8484166436737,2011-07-01
seasonal_naive,21982,loss,409.3014037401549,108.9795918367347,-735.7884391633795,-275.5761944432133,2011-07-01
seasonal_naive,21984,loss,158.59517389243445,124.57337883959045,-99.68385950483298,-27.31064643968025,2011-07-01
seasonal_naive,22197,loss,143.43567755028775,113.24085750315258,-478.8898459475636,-26.664245320020253,2011-07-01
seasonal_naive,84077,loss,82.69732022831371,80.57828696126569,-77.6837595699808,-2.629781975964136,2011-07-01
seasonal_naive,84347,loss,1341.1779901177165,112.5,-1572.7078273506772,-1092.1582134379703,2011-07-01
seasonal_naive,84755,loss,90.52092102451287,68.7041564792176,-356.9222679610307,-31.75465017446892,2011-07-01
seasonal_naive,84879,win,57.06825493349191,59.729895641497855,43.358127133416815,4.456128174040789,2011-07-01
seasonal_naive,84991,loss,112.35386918448464,101.98511166253101,-125.3582784404191,-10.166932558022655,2011-07-01
seasonal_naive,84992,loss,118.27335884438827,117.39600216099406,-16.23987220962681,-0.7473480078061137,2011-07-01
seasonal_naive,85099B,win,76.82545893416844,94.8769128409847,542.6267044388969,19.026181782570017,2011-07-01
seasonal_naive,85123A,loss,81.38994449735813,79.13593256059009,-64.17171983978596,-2.8482787323473606,2011-07-01
weekday_mean_4w,15036,win,136.12971551711598,165.6533892382949,844.9675419001405,17.82255941573804,2011-07-01
weekday_mean_4w,17003,win,159.10201386748443,207.89911308203992,880.2996698305806,23.471528325038822,2011-07-01
weekday_mean_4w,20725,win,68.84294508303212,82.3777911888956,224.27239997415768,16.430212452319257,2011-07-01
weekday_mean_4w,21212,loss,97.62100649227561,92.16621253405995,-120.11456295990911,-5.918431286519281,2011-07-01
weekday_mean_4w,21213,win,116.02085289744683,143.48428835489833,297.1543716496253,19.140378206095022,2011-07-01
weekday_mean_4w,21232,win,104.93578738964459,109.27021696252466,21.97555793450192,3.9667072083938537,2011-07-01
weekday_mean_4w,21977,win,116.93342422405111,117.24721819061442,6.486121288863615,0.26763446622090425,2011-07-01
weekday_mean_4w,21980,win,110.12690607533081,110.29411764705883,0.7959270814253614,0.15160515836673616,2011-07-01
weekday_mean_4w,21981,loss,369.8484166436737,113.74045801526718,-671.0028516064251,-225.1687421498071,2011-07-01
weekday_mean_4w,21982,loss,409.3014037401549,127.75510204081633,-689.7884391633795,-220.37969302344393,2011-07-01
weekday_mean_4w,21984,loss,158.59517389243445,124.91467576791808,-98.68385950483298,-26.96280314339698,2011-07-01
weekday_mean_4w,22197,loss,143.43567755028775,88.0517023959647,-878.3898459475636,-62.899380304157795,2011-07-01
weekday_mean_4w,84077,loss,82.69732022831371,78.92798690671032,-138.1837595699808,-4.775661294970815,2011-07-01
weekday_mean_4w,84347,loss,1341.1779901177165,104.296875,-1583.2078273506772,-1185.9234661802825,2011-07-01
weekday_mean_4w,84755,loss,90.52092102451287,54.645476772616135,-586.9222679610307,-65.65126039832558,2011-07-01
weekday_mean_4w,84879,win,57.06825493349191,70.1657458563536,213.35812713341682,18.666502811322562,2011-07-01
weekday_mean_4w,84991,loss,112.35386918448464,105.16956162117452,-86.8582784404191,-6.831166216312959,2011-07-01
weekday_mean_4w,84992,loss,118.27335884438827,102.26904376012966,-296.2398722096268,-15.649227269393915,2011-07-01
weekday_mean_4w,85099B,win,76.82545893416844,77.72787757817697,27.126704438896923,1.1609974080417953,2011-07-01
weekday_mean_4w,85123A,loss,81.38994449735813,79.43449244819108,-55.671719839785965,-2.4617165527210223,2011-07-01
weekday_mean_8w,15036,win,136.12971551711598,164.35185185185185,807.7175419001405,17.171778727613933,2011-07-01
weekday_mean_8w,17003,win,159.10201386748443,192.19789356984478,597.0496698305806,17.219689085891723,2011-07-01
weekday_mean_8w,20725,win,68.84294508303212,81.89499094749547,216.27239997415768,15.93753868637861,2011-07-01
weekday_mean_8w,21212,win,97.62100649227561,106.44868301544051,194.3854370400909,8.292894071676237,2011-07-01
weekday_mean_8w,21213,loss,116.02085289744683,114.23290203327171,-19.34562835037468,-1.5651802872471483,2011-07-01
weekday_mean_8w,21232,win,104.93578738964459,111.19329388560158,31.72555793450192,5.627593425188813,2011-07-01
weekday_mean_8w,21977,win,116.93342422405111,149.15336236090954,665.9861212888636,21.601885218581373,2011-07-01
weekday_mean_8w,21980,win,110.12690607533081,145.06302521008402,166.29592708142536,24.08340725292184,2011-07-01
weekday_mean_8w,21981,loss,369.8484166436737,117.6526717557252,-660.7528516064251,-214.35615623890516,2011-07-01
weekday_mean_8w,21982,loss,409.3014037401549,217.75510204081633,-469.2884391633795,-87.96409356389495,2011-07-01
weekday_mean_8w,21984,loss,158.59517389243445,113.05460750853243,-133.43385950483298,-40.28191985051559,2011-07-01
weekday_mean_8w,22197,win,143.43567755028775,206.85687263556116,1005.8601540524364,30.65945756465553,2011-07-01
weekday_mean_8w,84077,win,82.69732022831371,91.76213857064921,332.3162404300192,9.878604055589163,2011-07-01
weekday_mean_8w,84347,loss,1341.1779901177165,125.390625,-1556.2078273506772,-969.5998924303285,2011-07-01
weekday_mean_8w,84755,loss,90.52092102451287,79.21760391198045,-184.92226796103068,-14.268693515511611,2011-07-01
weekday_mean_8w,84879,win,57.06825493349191,68.9840392879067,194.10812713341682,17.27324824324066,2011-07-01
weekday_mean_8w,84991,loss,112.35386918448464,100.35153019023987,-145.1082784404191,-11.960294946665504,2011-07-01
weekday_mean_8w,84992,loss,118.27335884438827,102.10696920583469,-299.2398722096268,-15.832797471408826,2011-07-01
weekday_mean_8w,85099B,win,76.82545893416844,77.57817697937459,22.626704438896923,0.9702703447211369,2011-07-01
weekday_mean_8w,85123A,loss,81.38994449735813,77.9768177028451,-97.17171983978596,-4.37710449728766,2011-07-01
seasonal_naive,15036,loss,281.6079381578975,143.12896405919662,-655.005547486855,-96.75118869820606,2011-09-01
seasonal_naive,17003,loss,141.00268411755926,107.72491756947716,-706.4869838157833,-30.891429113064405,2011-09-01
seasonal_naive,20725,win,67.96249649845814,77.25060827250608,152.69655756534826,12.0233509893975,2011-09-01
seasonal_naive,21212,win,80.18116198349999,80.92288634252091,23.950279552785105,0.9165816897353822,2011-09-01
seasonal_naive,21213,win,82.35979581324789,103.02411115651819,505.65579644982427,20.057746784998983,2011-09-01
seasonal_naive,21232,win,75.58175489302171,80.51391862955032,46.06640929917717,6.1258523004225,2011-09-01
seasonal_naive,21977,loss,99.28493416044033,98.26404751027867,-22.34720877203881,-1.0389218397042617,2011-09-01
seasonal_naive,21980,loss,120.92075055473703,102.73141122913505,-119.8677461557171,-17.705723213547568,2011-09-01
seasonal_naive,21981,win,123.90966440149889,126.50602409638554,12.929871280535508,2.0523605207199296,2011-09-01
seasonal_naive,21982,loss,251.91092405935424,110.0,-567.643696237417,-129.0099309630493,2011-09-01
seasonal_naive,21984,loss,127.4490433595038,99.57446808510639,-131.01050378966784,-27.99369739095467,2011-09-01
seasonal_naive,22197,win,77.38768273424148,93.39253996447601,450.5367310311026,17.13719022560297,2011-09-01
seasonal_naive,84077,win,80.57987897530305,84.03693931398416,104.8180694688117,4.113738990141738,2011-09-01
seasonal_naive,84347,loss,117.95882965648735,114.61434370771313,-24.71575116144163,-2.9180343756129266,2011-09-01
seasonal_naive,84755,loss,104.99053557165183,91.66666666666667,-166.28188393421487,-14.535129714529265,2011-09-01
seasonal_naive,84879,win,69.77437693431607,72.88135593220339,87.989645220169,4.263064206403539,2011-09-01
seasonal_naive,84991,win,95.0087971208847,98.95287958115183,90.39836998932287,3.985818782598009,2011-09-01
seasonal_naive,84992,loss,89.88907774766362,86.6853538892782,-45.71713945915985,-3.6958075553079945,2011-09-01
seasonal_naive,85099B,win,55.274784693512984,77.44133232399697,878.4602825960806,28.62366512206193,2011-09-01
seasonal_naive,85123A,win,60.01667472874787,73.07359307359307,301.61481376592405,17.868176170967068,2011-09-01
weekday_mean_4w,15036,loss,281.6079381578975,211.52219873150105,-331.505547486855,-33.13398775480811,2011-09-01
weekday_mean_4w,17003,loss,141.00268411755926,121.50259067357513,-413.98698381578333,-16.049117418716147,2011-09-01
weekday_mean_4w,20725,win,67.96249649845814,82.93795620437956,246.19655756534826,18.056219843443213,2011-09-01
weekday_mean_4w,21212,win,80.18116198349999,96.48497986992876,526.4502795527851,16.89777819139095,2011-09-01
weekday_mean_4w,21213,win,82.35979581324789,113.9967306906416,774.1557964498243,27.752493151096047,2011-09-01
weekday_mean_4w,21232,win,75.58175489302171,82.06638115631692,60.56640929917717,7.901684187759592,2011-09-01
weekday_mean_4w,21977,win,99.28493416044033,117.70214709913202,403.1527912279612,15.647304142362163,2011-09-01
weekday_mean_4w,21980,loss,120.92075055473703,97.1927162367223,-156.3677461557171,-24.413387377941767,2011-09-01
weekday_mean_4w,21981,loss,123.90966440149889,108.83534136546184,-75.07012871946449,-13.850577254513743,2011-09-01
weekday_mean_4w,21982,loss,251.91092405935424,95.25,-626.643696237417,-164.47341108593622,2011-09-01
weekday_mean_4w,21984,loss,127.4490433595038,93.82978723404256,-158.01050378966784,-35.83004621080904,2011-09-01
weekday_mean_4w,22197,win,77.38768273424148,160.10657193605684,2328.5367310311026,51.664893078125196,2011-09-01
weekday_mean_4w,84077,loss,80.57987897530305,75.51121372031662,-153.6819305311883,-6.7124669373744705,2011-09-01
weekday_mean_4w,84347,loss,117.95882965648735,100.0,-132.71575116144163,-17.958829656487353,2011-09-01
weekday_mean_4w,84755,win,104.99053557165183,108.97435897435898,49.718116065785125,3.6557438283665564,2011-09-01
weekday_mean_4w,84879,win,69.77437693431607,176.11228813559322,3011.489645220169,60.380744766319175,2011-09-01
weekday_mean_4w,84991,win,95.0087971208847,104.10122164048866,208.39836998932287,8.734215003743627,2011-09-01
weekday_mean_4w,84992,loss,89.88907774766362,85.63419761737912,-60.71713945915985,-4.96866935017675,2011-09-01
weekday_mean_4w,85099B,win,55.274784693512984,76.62124653040625,845.9602825960806,27.85971620602932,2011-09-01
weekday_mean_4w,85123A,win,60.01667472874787,69.06926406926407,209.11481376592405,13.10653799849101,2011-09-01
weekday_mean_8w,15036,loss,281.6079381578975,229.65116279069767,-245.755547486855,-22.62421610926169,2011-09-01
weekday_mean_8w,17003,loss,141.00268411755926,136.26943005181346,-100.48698381578333,-3.4734526033799957,2011-09-01
weekday_mean_8w,20725,win,67.96249649845814,79.1514598540146,183.94655756534826,14.136142752380271,2011-09-01
weekday_mean_8w,21212,win,80.18116198349999,82.7268504180861,82.2002795527851,3.0772215087612738,2011-09-01
weekday_mean_8w,21213,win,82.35979581324789,94.8406211687781,305.40579644982427,13.159788708384115,2011-09-01
weekday_mean_8w,21232,loss,75.58175489302171,72.00214132762312,-33.43359070082283,-4.9715376506799736,2011-09-01
weekday_mean_8w,21977,win,99.28493416044033,105.41343079031522,134.1527912279612,5.81377210088673,2011-09-01
weekday_mean_8w,21980,loss,120.92075055473703,88.12594840667678,-216.1177461557171,-37.2135593897059,2011-09-01
weekday_mean_8w,21981,loss,123.90966440149889,103.56425702811245,-101.32012871946449,-19.645201884530188,2011-09-01
weekday_mean_8w,21982,loss,251.91092405935424,90.8125,-644.393696237417,-177.39675051270942,2011-09-01
weekday_mean_8w,21984,loss,127.4490433595038,96.75531914893617,-144.26050378966784,-31.723035467766444,2011-09-01
weekday_mean_8w,22197,win,77.38768273424148,100.65719360568383,655.0367310311026,23.117583590298295,2011-09-01
weekday_mean_8w,84077,loss,80.57987897530305,71.26484168865436,-282.4319305311883,-13.071013792950978,2011-09-01
weekday_mean_8w,84347,loss,117.95882965648735,94.31664411366712,-174.71575116144163,-25.066822261325896,2011-09-01
weekday_mean_8w,84755,loss,104.99053557165183,103.88621794871794,-13.781883934214875,-1.0630068595615088,2011-09-01
weekday_mean_8w,84879,win,69.77437693431607,96.6013418079096,759.739645220169,27.770799423199087,2011-09-01
weekday_mean_8w,84991,win,95.0087971208847,96.35689354275742,30.898369989322873,1.3990658813367833,2011-09-01
weekday_mean_8w,84992,win,89.88907774766362,129.0469516468115,558.7828605408401,30.343896852611465,2011-09-01
weekday_mean_8w,85099B,win,55.274784693512984,57.3996971990916,84.21028259608056,3.7019576918817654,2011-09-01
weekday_mean_8w,85123A,loss,60.01667472874787,59.383116883116884,-14.635186234075945,-1.0668989417952137,2011-09-01
seasonal_naive,15036,win,117.08903494938822,123.0,35.46579030367059,4.805662642773804,2011-11-01
seasonal_naive,17003,win,220.32260763652548,713.3194588969823,4737.69974061299,69.11305237947468,2011-11-01
seasonal_naive,20725,win,52.87109421896845,62.655153804641124,181.29862412251452,15.61572989858007,2011-11-01
seasonal_naive,21212,win,77.34760014577137,82.24699828473413,114.25396460061165,5.956932460928661,2011-11-01
seasonal_naive,21213,win,187.06770924939178,325.2788104089219,743.5757242382723,42.49004138504412,2011-11-01
seasonal_naive,21232,win,79.23605769686762,86.28158844765343,97.58060089838341,8.165740660952597,2011-11-01
seasonal_naive,21977,loss,124.63420646286382,89.88764044943821,-432.9422125272831,-38.65555468993599,2011-11-01
seasonal_naive,21980,loss,149.330856162514,119.31464174454828,-96.35204828166997,-25.15719276283812,2011-11-01
seasonal_naive,21981,win,164.35666501519302,214.75409836065575,122.96973736292904,23.467507130329974,2011-11-01
seasonal_naive,21982,loss,152.93714882045927,121.35076252723312,-289.9630261718162,-26.02899696335872,2011-11-01
seasonal_naive,21984,loss,239.43697833563263,162.4113475177305,-108.60613945324201,-47.42626176997468,2011-11-01
seasonal_naive,22197,win,71.96231801401626,133.07128819010185,6840.53812151102,45.921979870509,2011-11-01
seasonal_naive,84077,win,57.32878654107931,503.1264803410706,18821.578632235633,88.60549210166478,2011-11-01
seasonal_naive,84347,win,83.2763618138177,87.64619883040936,119.55874077394765,4.985769006419842,2011-11-01
seasonal_naive,84755,loss,92.71152974307215,84.14096916299559,-77.82069006709514,-10.185954197263767,2011-11-01
seasonal_naive,84879,win,61.69274019536603,82.81156530408774,1059.1090792023938,25.502265331143597,2011-11-01
seasonal_naive,84991,win,93.6477917480116,181.66915052160954,1181.2466347416844,48.45146163829714,2011-11-01
seasonal_naive,84992,win,128.91354199470274,216.58031088082902,676.7874558008948,40.47771864837888,2011-11-01
seasonal_naive,85099B,win,64.64226663663617,76.99369936993699,686.1220883348606,16.042134401095648,2011-11-01
seasonal_naive,85123A,win,64.78757565450313,75.97517730496453,504.78458646881836,14.725337995006374,2011-11-01
weekday_mean_4w,15036,win,117.08903494938822,186.16666666666666,414.4657903036706,37.1052632321997,2011-11-01
weekday_mean_4w,17003,win,220.32260763652548,248.5952133194589,271.69974061299035,11.372948539681468,2011-11-01
weekday_mean_4w,20725,win,52.87109421896845,56.96168375607124,75.79862412251452,7.181300248461832,2011-11-01
weekday_mean_4w,21212,loss,77.34760014577137,70.45454545454545,-160.74603539938835,-9.783690529481943,2011-11-01
weekday_mean_4w,21213,loss,187.06770924939178,179.08921933085503,-42.9242757617277,-4.455036404953578,2011-11-01
weekday_mean_4w,21232,win,79.23605769686762,82.63537906137184,47.08060089838341,4.113639222226598,2011-11-01
weekday_mean_4w,21977,loss,124.63420646286382,103.97271268057784,-257.4422125272831,-19.872034930705,2011-11-01
weekday_mean_4w,21980,win,149.330856162514,227.41433021806853,250.64795171833003,34.33533585182603,2011-11-01
weekday_mean_4w,21981,loss,164.35666501519302,133.81147540983608,-74.53026263707096,-22.82703296694362,2011-11-01
weekday_mean_4w,21982,loss,152.93714882045927,91.7755991285403,-561.4630261718162,-66.64249568804938,2011-11-01
weekday_mean_4w,21984,loss,239.43697833563263,140.0709219858156,-140.106139453242,-70.93981744467949,2011-11-01
weekday_mean_4w,22197,win,71.96231801401626,75.14740039306771,356.5381215110201,4.238446522955533,2011-11-01
weekday_mean_4w,84077,win,57.32878654107931,145.7129322595926,3731.5786322356316,60.65634967873263,2011-11-01
weekday_mean_4w,84347,loss,83.2763618138177,77.86915204678363,-147.94125922605235,-6.943968985029445,2011-11-01
weekday_mean_4w,84755,loss,92.71152974307215,90.30837004405286,-21.820690067095143,-2.66105976427989,2011-11-01
weekday_mean_4w,84879,win,61.69274019536603,67.46759720837487,289.6090792023938,8.559452614227675,2011-11-01
weekday_mean_4w,84991,win,93.6477917480116,128.68852459016392,470.2466347416844,27.22910450154512,2011-11-01
weekday_mean_4w,84992,win,128.91354199470274,147.279792746114,141.7874558008948,12.470312735346957,2011-11-01
weekday_mean_4w,85099B,win,64.64226663663617,76.97569756975697,685.1220883348606,16.02249972719506,2011-11-01
weekday_mean_4w,85123A,win,64.78757565450313,70.6892730496454,266.28458646881836,8.348787787076938,2011-11-01
weekday_mean_8w,15036,win,117.08903494938822,132.25,90.96579030367059,11.463867713127998,2011-11-01
weekday_mean_8w,17003,loss,220.32260763652548,196.07180020811654,-233.05025938700965,-12.368330072283925,2011-11-01
weekday_mean_8w,20725,loss,52.87109421896845,49.70318402590394,-58.701375877485475,-6.373656447066825,2011-11-01
weekday_mean_8w,21212,win,77.34760014577137,78.74142367066895,32.50396460061165,1.770127411878103,2011-11-01
weekday_mean_8w,21213,win,187.06770924939178,242.9368029739777,300.5757242382723,22.997377523968805,2011-11-01
weekday_mean_8w,21232,loss,79.23605769686762,77.88808664259928,-18.66939910161659,-1.7306511334059362,2011-11-01
weekday_mean_8w,21977,loss,124.63420646286382,111.29614767255217,-166.19221252728312,-11.984295116443711,2011-11-01
weekday_mean_8w,21980,win,149.330856162514,163.2398753894081,44.647951718330035,8.520601472963746,2011-11-01
weekday_mean_8w,21981,loss,164.35666501519302,133.4016393442623,-75.53026263707096,-23.204381762541004,2011-11-01
weekday_mean_8w,21982,loss,152.93714882045927,84.9400871459695,-624.2130261718162,-80.05296905056954,2011-11-01
weekday_mean_8w,21984,loss,239.43697833563263,175.53191489361703,-90.10613945324201,-36.406520991208886,2011-11-01
weekday_mean_8w,22197,win,71.96231801401626,75.12283366088977,353.7881215110201,4.2071304992837675,2011-11-01
weekday_mean_8w,84077,win,57.32878654107931,101.2730933207011,1855.3286322356316,43.39188755740236,2011-11-01
weekday_mean_8w,84347,loss,83.2763618138177,74.38779239766082,-243.19125922605235,-11.948962497287917,2011-11-01
weekday_mean_8w,84755,win,92.71152974307215,99.11894273127753,58.17930993290486,6.464367770322761,2011-11-01
weekday_mean_8w,84879,win,61.69274019536603,64.75573280159522,153.6090792023938,4.730071722937452,2011-11-01
weekday_mean_8w,84991,win,93.6477917480116,119.61624441132638,348.4966347416844,21.70980437574735,2011-11-01
weekday_mean_8w,84992,win,128.91354199470274,137.75906735751295,68.2874558008948,6.421011358805341,2011-11-01
weekday_mean_8w,85099B,win,64.64226663663617,66.31413141314131,92.87208833486056,2.5211289673528565,2011-11-01
weekday_mean_8w,85123A,win,64.78757565450313,66.14583333333333,61.28458646881836,2.0534289317747896,2011-11-01
