baseline,product_id,outcome,model_wape,baseline_wape,error_reduction_units,relative_wape_reduction_pct
seasonal_naive,15036,loss,118.37364022954118,99.59244164505373,-2027.6181991812646,-18.85805616798052
seasonal_naive,17003,loss,167.050178409585,150.04671441918404,-2183.9249149270945,-11.332113506263479
seasonal_naive,20725,win,69.42214344929019,82.2549712324619,1271.348248478822,15.60127927940632
seasonal_naive,21212,loss,91.119040201329,86.84522800474657,-756.336544429194,-4.9211825390669
seasonal_naive,21213,win,121.95729282653143,124.04320987654322,135.16742484076258,1.6816051858766334
seasonal_naive,21232,win,88.73844164717889,110.53443951379509,1129.686569426718,19.718739211497954
seasonal_naive,21977,loss,113.02676046754071,95.7555043319291,-2172.896734421298,-18.03682854172239
seasonal_naive,21980,loss,192.634843956338,118.17602040816327,-2335.028706470759,-63.006710913943856
seasonal_naive,21981,loss,198.78986594765075,121.69184290030212,-2551.94456286724,-63.35512817445977
seasonal_naive,21982,loss,260.13250669749084,118.29427083333333,-4357.270605746919,-119.90287852908419
seasonal_naive,21984,loss,342.8578357289691,115.40312876052948,-3780.2972298154664,-197.0957888329232
seasonal_naive,22197,win,88.6631184092964,124.5796790624641,9378.173152148614,28.83019198914389
seasonal_naive,84077,win,94.71328906827199,208.68883153686554,22522.706947218772,54.61506570774939
seasonal_naive,84347,loss,290.75464182284475,94.9634443541836,-7230.568922517656,-206.1753328348348
seasonal_naive,84755,loss,86.82964870682395,85.0757029560202,-145.96336538188825,-2.0616294545464435
seasonal_naive,84879,win,66.98273504153349,78.89559858058892,1913.563270278475,15.099528685224294
seasonal_naive,84991,loss,109.34554077723236,107.46234067207416,-162.5201690751528,-1.752427960698213
seasonal_naive,84992,loss,119.26424330597686,118.72532430908065,-38.22013525987859,-0.45392084631685886
seasonal_naive,85099B,win,70.84903031569434,84.85201987470296,3240.991933432546,16.502835854333448
seasonal_naive,85123A,win,72.16711581174698,77.65460910151693,1128.66761983988,7.066539067367154
weekday_mean_4w,15036,win,118.37364022954118,129.9416450537236,1248.8818008187354,8.902461423664207
weekday_mean_4w,17003,loss,167.050178409585,138.34864528184366,-3686.4249149270945,-20.7457999095478
weekday_mean_4w,20725,win,69.42214344929019,75.67376602402342,619.3482484788219,8.261281158847824
weekday_mean_4w,21212,win,91.119040201329,91.13974119907328,3.663455570806036,0.022713469965938
weekday_mean_4w,21213,win,121.95729282653143,139.02006172839506,1105.6674248407626,12.27360187423837
weekday_mean_4w,21232,win,88.73844164717889,88.88674512830407,7.6865694267180515,0.16684544012846142
weekday_mean_4w,21977,win,113.02676046754071,115.2611080200302,281.1032655787021,1.938509520575846
weekday_mean_4w,21980,loss,192.634843956338,132.01530612244898,-1901.028706470759,-45.918567789148774
weekday_mean_4w,21981,loss,198.78986594765075,111.404833836858,-2892.44456286724,-78.43917458623024
weekday_mean_4w,21982,loss,260.13250669749084,175.66731770833334,-2594.7706057469186,-48.08247207906825
weekday_mean_4w,21984,loss,342.8578357289691,137.8158844765343,-3407.7972298154664,-148.7796214719697
weekday_mean_4w,22197,win,88.6631184092964,99.48872122860097,2826.6731521486145,10.881236270420997
weekday_mean_4w,84077,win,94.71328906827199,124.1156824047366,5810.206947218772,23.689507052448462
weekday_mean_4w,84347,loss,290.75464182284475,130.58489033306256,-5915.068922517656,-122.65565417351283
weekday_mean_4w,84755,loss,86.82964870682395,78.67700072098053,-678.4633653818883,-10.362174347184256
weekday_mean_4w,84879,win,66.98273504153349,87.96924609350681,3371.063270278475,23.856645343607624
weekday_mean_4w,84991,win,109.34554077723236,113.37775202780996,347.9798309248472,3.5564395822458703
weekday_mean_4w,84992,loss,119.26424330597686,116.0815002820079,-225.7201352598786,-2.7418176162754837
weekday_mean_4w,85099B,win,70.84903031569434,77.46813566645064,1531.991933432546,8.544294107264616
weekday_mean_4w,85123A,win,72.16711581174698,82.05707895760405,2034.16761983988,12.052541074447527
weekday_mean_8w,15036,win,118.37364022954118,127.90385327899222,1028.8818008187354,7.45107579258235
weekday_mean_8w,17003,loss,167.050178409585,142.34467455621302,-3173.1749149270945,-17.356113904785087
weekday_mean_8w,20725,win,69.42214344929019,75.82265065105481,634.0982484788219,8.441418424186395
weekday_mean_8w,21212,win,91.119040201329,95.1842120133356,719.413455570806,4.2708467360501485
weekday_mean_8w,21213,win,121.95729282653143,126.85570987654322,317.4174248407626,3.8614084102157937
weekday_mean_8w,21232,win,88.73844164717889,103.49218599266834,764.686569426718,14.255901741735986
weekday_mean_8w,21977,win,113.02676046754071,120.64422541928305,958.3532655787021,6.313990516552983
weekday_mean_8w,21980,loss,192.634843956338,128.01339285714286,-2026.528706470759,-50.480226839475876
weekday_mean_8w,21981,loss,198.78986594765075,115.30211480362537,-2763.44456286724,-72.40782294948882
weekday_mean_8w,21982,loss,260.13250669749084,166.58528645833334,-2873.7706057469186,-56.15575194424853
weekday_mean_8w,21984,loss,342.8578357289691,138.91395908543922,-3389.5472298154664,-146.8130906254669
weekday_mean_8w,22197,win,88.6631184092964,107.50928727356286,4920.9231521486145,17.529805417006834
weekday_mean_8w,84077,win,94.71328906827199,112.27797176256263,3470.9569472187723,15.643925890855211
weekday_mean_8w,84347,loss,290.75464182284475,148.78147847278635,-5243.068922517656,-95.42394981377117
weekday_mean_8w,84755,loss,86.82964870682395,82.8436673876472,-331.71336538188825,-4.811449619347843
weekday_mean_8w,84879,win,66.98273504153349,91.13490630641847,3879.563270278475,26.50155932972522
weekday_mean_8w,84991,loss,109.34554077723236,104.01216685979142,-460.2701690751528,-5.127644273222704
weekday_mean_8w,84992,win,119.26424330597686,126.96700507614213,546.2798647401214,6.066742903438511
weekday_mean_8w,85099B,win,70.84903031569434,77.44653272845107,1526.991933432546,8.51878345011184
weekday_mean_8w,85123A,win,72.16711581174698,83.57156748346947,2345.66761983988,13.64632974483612
