model,product_id,mae,wape,signed_bias,percentage_bias,overprediction_units,underprediction_units,absolute_error_sum,actual_units,observations
hw_weekly,15036,76.06915594750753,118.37364022954118,-3.6390475620714215,-5.662837999518329,6084.129104376633,6695.489094804632,12779.618199181265,10796.0,168
hw_weekly,17003,127.71383877932794,167.050178409585,28.283439737993344,36.994844876852085,13103.771395454987,8352.153519472105,21455.924914927095,12844.0,168
hw_weekly,20725,40.93840328286416,69.42214344929019,-11.034437550547906,-18.7118755273246,2511.933121514565,4365.718630006613,6877.651751521178,9907.0,168
hw_weekly,21212,95.98414609779282,91.119040201329,15.755860058492843,14.95724975886759,9386.160517127995,6739.176027301199,16125.336544429194,17697.0,168
hw_weekly,21213,47.040670090233554,121.95729282653143,11.108494079579534,28.799799465576573,4884.529790264299,3018.3027848949373,7902.832575159237,6480.0,168
hw_weekly,21232,27.376865658174296,88.73844164717889,0.37695172815447126,1.2218385168811725,2331.3206604516163,2267.992770121665,4599.313430573282,5183.0,168
hw_weekly,21977,84.64224246679343,113.02676046754071,0.021047805839223038,0.028106123368487963,7111.716382901144,7108.1803515201545,14219.896734421298,12581.0,168
hw_weekly,21980,35.95850420518309,192.634843956338,15.657836088044807,83.88126475738288,4335.772584631142,1705.2561218396156,6041.028706470759,3136.0,168
hw_weekly,21981,39.166336683733576,198.78986594765075,14.766790386091245,74.94926842487399,4530.382673865285,2049.5618890019555,6579.94456286724,3310.0,168
hw_weekly,21982,47.56708693896975,260.13250669749084,24.053930020165613,131.5449297977807,6016.165424567371,1975.1051811795476,7991.270605746919,3072.0,168
hw_weekly,21984,33.918435891758726,342.8578357289691,21.420360488801162,216.52349952578794,4648.458895967031,1049.838333848436,5698.297229815466,1662.0,168
hw_weekly,22197,137.80254076102014,88.6631184092964,-42.074478659916295,-27.071013805928295,8041.157216492726,15109.669631358662,23150.826847851386,26111.0,168
hw_weekly,84077,111.40650626655493,94.71328906827199,26.282498809685247,22.344313547022526,11565.876426404173,7150.416626377052,18716.293052781228,19761.0,168
hw_weekly,84347,63.91410072927176,290.75464182284475,34.92935994220462,158.89879421311605,8302.850696404015,2434.71822611364,10737.568922517656,3693.0,168
hw_weekly,84755,43.011686698701716,86.82964870682395,-5.372059118108113,-10.844820137492945,3161.7287167698623,4064.2346486120255,7225.963365381888,8322.0,168
hw_weekly,84879,64.04426624834241,66.98273504153349,-18.262217024983403,-19.100121149207567,3845.6921347621555,6913.7445949593675,10759.436729721525,16063.0,168
hw_weekly,84991,56.16976291116163,109.34554077723236,12.201748731533087,23.753114564282257,5743.206977986358,3693.313191088798,9436.520169075153,8630.0,168
hw_weekly,84992,50.346548424165945,119.26424330597686,5.4500733534956245,12.910495253627538,4686.916229323571,3771.3039059363064,8458.220135259879,7092.0,168
hw_weekly,85099B,97.60719087242532,70.84903031569434,-27.81425181532004,-20.18921713101649,5862.606880796842,10535.40118577061,16398.008066567454,23145.0,168
hw_weekly,85123A,88.35316892952453,72.16711581174698,-26.55605722769845,-21.691061912939226,5190.957382953389,9652.37499720673,14843.33238016012,20568.0,168
seasonal_naive,15036,64.0,99.59244164505373,-32.69047619047619,-50.87069284920341,2630.0,8122.0,10752.0,10796.0,168
seasonal_naive,17003,114.71428571428571,150.04671441918404,-21.833333333333332,-28.558081594518843,7802.0,11470.0,19272.0,12844.0,168
seasonal_naive,20725,48.50595238095238,82.2549712324619,-30.18452380952381,-51.1860300797416,1539.0,6610.0,8149.0,9907.0,168
seasonal_naive,21212,91.48214285714286,86.84522800474657,-56.767857142857146,-53.89048991354467,2916.0,12453.0,15369.0,17697.0,168
seasonal_naive,21213,47.845238095238095,124.04320987654322,-12.761904761904763,-33.08641975308642,2947.0,5091.0,8038.0,6480.0,168
seasonal_naive,21232,34.101190476190474,110.53443951379509,-2.5416666666666665,-8.238471927455143,2651.0,3078.0,5729.0,5183.0,168
seasonal_naive,21977,71.70833333333333,95.7555043319291,-53.88690476190476,-71.9577140131945,1497.0,10550.0,12047.0,12581.0,168
seasonal_naive,21980,22.05952380952381,118.17602040816327,-8.880952380952381,-47.576530612244895,1107.0,2599.0,3706.0,3136.0,168
seasonal_naive,21981,23.976190476190474,121.69184290030212,-10.321428571428571,-52.38670694864048,1147.0,2881.0,4028.0,3310.0,168
seasonal_naive,21982,21.63095238095238,118.29427083333333,-7.880952380952381,-43.098958333333336,1155.0,2479.0,3634.0,3072.0,168
seasonal_naive,21984,11.416666666666666,115.40312876052948,-5.107142857142857,-51.624548736462096,530.0,1388.0,1918.0,1662.0,168
seasonal_naive,22197,193.625,124.5796790624641,-23.18452380952381,-14.917084753552142,14317.0,18212.0,32529.0,26111.0,168
seasonal_naive,84077,245.4702380952381,208.68883153686554,86.25595238095238,73.33130914427407,27865.0,13374.0,41239.0,19761.0,168
seasonal_naive,84347,20.875,94.9634443541836,-15.505952380952381,-70.53885729759004,451.0,3056.0,3507.0,3693.0,168
seasonal_naive,84755,42.142857142857146,85.0757029560202,-11.845238095238095,-23.912521028598896,2545.0,4535.0,7080.0,8322.0,168
seasonal_naive,84879,75.43452380952381,78.89559858058892,-43.30357142857143,-45.290418975284815,2699.0,9974.0,12673.0,16063.0,168
seasonal_naive,84991,55.20238095238095,107.46234067207416,-22.654761904761905,-44.10196987253766,2734.0,6540.0,9274.0,8630.0,168
seasonal_naive,84992,50.11904761904762,118.72532430908065,-21.761904761904763,-51.551043429216016,2382.0,6038.0,8420.0,7092.0,168
seasonal_naive,85099B,116.89880952380952,84.85201987470296,-73.74404761904762,-53.52775977532944,3625.0,16014.0,19639.0,23145.0,168
seasonal_naive,85123A,95.07142857142857,77.65460910151693,-78.47619047619048,-64.09957215091404,1394.0,14578.0,15972.0,20568.0,168
weekday_mean_4w,15036,83.50297619047619,129.9416450537236,-4.375,-6.808077065579845,6646.75,7381.75,14028.5,10796.0,168
weekday_mean_4w,17003,105.77083333333333,138.34864528184366,-26.642857142857142,-34.848956711304886,6646.75,11122.75,17769.5,12844.0,168
weekday_mean_4w,20725,44.625,75.67376602402342,-14.178571428571429,-24.043605531442413,2557.5,4939.5,7497.0,9907.0,168
weekday_mean_4w,21212,96.00595238095238,91.13974119907328,-16.44047619047619,-15.607165056224218,6683.5,9445.5,16129.0,17697.0,168
weekday_mean_4w,21213,53.62202380952381,139.02006172839506,4.571428571428571,11.851851851851851,4888.25,4120.25,9008.5,6480.0,168
weekday_mean_4w,21232,27.422619047619047,88.88674512830407,-3.2916666666666665,-10.669496430638626,2027.0,2580.0,4607.0,5183.0,168
weekday_mean_4w,21977,86.31547619047619,115.2611080200302,-13.142857142857142,-17.550274223034734,6146.5,8354.5,14501.0,12581.0,168
weekday_mean_4w,21980,24.642857142857142,132.01530612244898,-1.244047619047619,-6.6645408163265305,1965.5,2174.5,4140.0,3136.0,168
weekday_mean_4w,21981,21.949404761904763,111.404833836858,-8.970238095238095,-45.52870090634441,1090.25,2597.25,3687.5,3310.0,168
weekday_mean_4w,21982,32.12202380952381,175.66731770833334,5.6726190476190474,31.022135416666668,3174.75,2221.75,5396.5,3072.0,168
weekday_mean_4w,21984,13.633928571428571,137.8158844765343,-0.4226190476190476,-4.271961492178098,1109.75,1180.75,2290.5,1662.0,168
weekday_mean_4w,22197,154.6279761904762,99.48872122860097,-36.958333333333336,-23.779250124468614,9884.25,16093.25,25977.5,26111.0,168
weekday_mean_4w,84077,145.99107142857142,124.1156824047366,34.17261904761905,29.05217347300238,15133.75,9392.75,24526.5,19761.0,168
weekday_mean_4w,84347,28.705357142857142,130.58489033306256,0.8690476190476191,3.9534253994042783,2484.25,2338.25,4822.5,3693.0,168
weekday_mean_4w,84755,38.973214285714285,78.67700072098053,-7.410714285714286,-14.960346070656092,2651.25,3896.25,6547.5,8322.0,168
weekday_mean_4w,84879,84.11011904761905,87.96924609350681,0.6547619047619048,0.6848035858805952,7120.25,7010.25,14130.5,16063.0,168
weekday_mean_4w,84991,58.24107142857143,113.37775202780996,-4.934523809523809,-9.606025492468135,4477.75,5306.75,9784.5,8630.0,168
weekday_mean_4w,84992,49.00297619047619,116.0815002820079,-12.839285714285714,-30.41455160744501,3037.75,5194.75,8232.5,7092.0,168
weekday_mean_4w,85099B,106.72619047619048,77.46813566645064,-13.077380952380953,-9.492330957010154,7866.5,10063.5,17930.0,23145.0,168
weekday_mean_4w,85123A,100.46130952380952,82.05707895760405,-42.095238095238095,-34.38350836250486,4902.75,11974.75,16877.5,20568.0,168
weekday_mean_8w,15036,82.19345238095238,127.90385327899222,0.03869047619047619,0.060207484253427195,6907.5,6901.0,13808.5,10796.0,168
weekday_mean_8w,17003,108.82589285714286,142.34467455621302,-2.0357142857142856,-2.662721893491124,8970.375,9312.375,18282.75,12844.0,168
weekday_mean_8w,20725,44.71279761904762,75.82265065105481,-6.630952380952381,-11.244574543252245,3198.875,4312.875,7511.75,9907.0,168
weekday_mean_8w,21212,100.26636904761905,95.1842120133356,2.955357142857143,2.805560264451602,8670.625,8174.125,16844.75,17697.0,168
weekday_mean_8w,21213,48.930059523809526,126.85570987654322,5.625,14.583333333333334,4582.625,3637.625,8220.25,6480.0,168
weekday_mean_8w,21232,31.928571428571427,103.49218599266834,3.806547619047619,12.338414045919352,3001.75,2362.25,5364.0,5183.0,168
weekday_mean_8w,21977,90.34672619047619,120.64422541928305,-0.38392857142857145,-0.5126778475478897,7556.875,7621.375,15178.25,12581.0,168
weekday_mean_8w,21980,23.895833333333332,128.01339285714286,2.693452380952381,14.42920918367347,2233.5,1781.0,4014.5,3136.0,168
weekday_mean_8w,21981,22.717261904761905,115.30211480362537,-5.964285714285714,-30.27190332326284,1407.25,2409.25,3816.5,3310.0,168
weekday_mean_8w,21982,30.461309523809526,166.58528645833334,6.443452380952381,35.237630208333336,3100.0,2017.5,5117.5,3072.0,168
weekday_mean_8w,21984,13.742559523809524,138.91395908543922,-0.5684523809523809,-5.7460890493381465,1106.625,1202.125,2308.75,1662.0,168
weekday_mean_8w,22197,167.09375,107.50928727356286,-22.544642857142858,-14.505380873961165,12142.125,15929.625,28071.75,26111.0,168
weekday_mean_8w,84077,132.06696428571428,112.27797176256263,32.479166666666664,27.612469004605032,13821.875,8365.375,22187.25,19761.0,168
weekday_mean_8w,84347,32.705357142857146,148.78147847278635,2.6279761904761907,11.955050094773897,2968.0,2526.5,5494.5,3693.0,168
weekday_mean_8w,84755,41.03720238095238,82.8436673876472,-5.205357142857143,-10.508291276135544,3009.875,3884.375,6894.25,8322.0,168
weekday_mean_8w,84879,87.13690476190476,91.13490630641847,15.693452380952381,16.413496856128994,8637.75,6001.25,14639.0,16063.0,168
weekday_mean_8w,84991,53.430059523809526,104.01216685979142,-0.1875,-0.3650057937427578,4472.375,4503.875,8976.25,8630.0,168
weekday_mean_8w,84992,53.598214285714285,126.96700507614213,0.6934523809523809,1.6426959954878737,4560.5,4444.0,9004.5,7092.0,168
weekday_mean_8w,85099B,106.69642857142857,77.44653272845107,-3.2738095238095237,-2.3763231799524736,8687.5,9237.5,17925.0,23145.0,168
weekday_mean_8w,85123A,102.31547619047619,83.57156748346947,-15.574404761904763,-12.72121742512641,7286.25,9902.75,17189.0,20568.0,168
