date,units,positive_sales_gbp,transaction_lines
2009-12-01,26174.0,52591.4,3085.0
2009-12-02,31891.0,62053.03,3247.0
2009-12-03,49238.0,73090.58,2941.0
2009-12-04,21307.0,39499.81,2521.0
2009-12-05,5119.0,9803.05,400.0
2009-12-06,11615.0,24475.64,1908.0
2009-12-07,18036.0,43090.82,2813.0
2009-12-08,23146.0,48735.71,2178.0
2009-12-09,17927.0,39201.69,2427.0
2009-12-10,23715.0,42368.52,2400.0
2009-12-11,21394.0,39659.6,1439.0
2009-12-12,0.0,0.0,0.0
2009-12-13,12600.0,22039.09,1761.0
2009-12-14,45379.0,69829.42,4046.0
2009-12-15,27089.0,49715.54,1969.0
2009-12-16,24992.0,50303.62,3199.0
2009-12-17,15583.0,30309.62,1861.0
2009-12-18,17428.0,41123.01,2021.0
2009-12-19,0.0,0.0,0.0
2009-12-20,6255.0,11323.83,625.0
2009-12-21,8781.0,16115.93,614.0
2009-12-22,14452.0,24966.97,1821.0
2009-12-23,4588.0,10642.95,523.0
2009-12-24,0.0,0.0,0.0
2009-12-25,0.0,0.0,0.0
2009-12-26,0.0,0.0,0.0
2009-12-27,0.0,0.0,0.0
2009-12-28,0.0,0.0,0.0
2009-12-29,0.0,0.0,0.0
2009-12-30,0.0,0.0,0.0
2009-12-31,0.0,0.0,0.0
2010-01-01,0.0,0.0,0.0
2010-01-02,0.0,0.0,0.0
2010-01-03,0.0,0.0,0.0
2010-01-04,10644.0,13436.25,605.0
2010-01-05,11321.0,19199.29,910.0
2010-01-06,7469.0,8742.43,292.0
2010-01-07,40631.0,73066.74,984.0
2010-01-08,12683.0,28281.01,705.0
2010-01-09,0.0,0.0,0.0
2010-01-10,13425.0,23576.6,699.0
2010-01-11,13963.0,34122.48,2646.0
2010-01-12,21284.0,40234.97,1073.0
2010-01-13,8828.0,19951.07,1578.0
2010-01-14,13887.0,30612.48,2168.0
2010-01-15,8423.0,13347.89,639.0
2010-01-16,0.0,0.0,0.0
2010-01-17,10041.0,17578.24,1114.0
2010-01-18,10371.0,20306.73,1885.0
2010-01-19,15322.0,31684.56,1846.0
2010-01-20,9564.0,16939.07,1130.0
2010-01-21,72914.0,27391.96,1152.0
2010-01-22,18560.0,34057.46,1453.0
2010-01-23,0.0,0.0,0.0
2010-01-24,8900.0,16016.24,1267.0
2010-01-25,10045.0,22362.61,1649.0
2010-01-26,22946.0,37820.39,1452.0
2010-01-27,17856.0,27974.16,1517.0
2010-01-28,11252.0,19845.670000000002,1189.0
2010-01-29,10170.0,18921.61,1150.0
2010-01-30,0.0,0.0,0.0
2010-01-31,10762.0,18354.68,1390.0
2010-02-01,9246.0,18163.91,1365.0
2010-02-02,11153.0,21038.2,1155.0
2010-02-03,10290.0,20709.95,1436.0
2010-02-04,12851.0,22453.5,1506.0
2010-02-05,10396.0,21359.98,943.0
2010-02-06,0.0,0.0,0.0
2010-02-07,11201.0,16919.21,810.0
2010-02-08,8613.0,15918.24,1320.0
2010-02-09,10888.0,18673.21,1039.0
2010-02-10,3773.0,8860.43,853.0
2010-02-11,9036.0,14890.4,808.0
2010-02-12,7654.0,11015.47,769.0
2010-02-13,0.0,0.0,0.0
2010-02-14,10942.0,17814.45,1185.0
2010-02-15,96585.0,41204.13,883.0
2010-02-16,16719.0,30426.48,1886.0
2010-02-17,25069.0,26501.23,1005.0
2010-02-18,19883.0,35810.19,1342.0
2010-02-19,12591.0,25829.89,1597.0
2010-02-20,0.0,0.0,0.0
2010-02-21,5598.0,11475.86,916.0
2010-02-22,13431.0,26359.13,1111.0
2010-02-23,11908.0,22334.54,1142.0
2010-02-24,22452.0,32750.54,1314.0
2010-02-25,26316.0,46207.16,1499.0
2010-02-26,7426.0,16207.93,976.0
2010-02-27,0.0,0.0,0.0
2010-02-28,8500.0,16804.52,1279.0
2010-03-01,21460.0,25446.14,1176.0
2010-03-02,11902.0,25530.19,1514.0
2010-03-03,20403.0,33494.71,1719.0
2010-03-04,18563.0,31446.43,1878.0
2010-03-05,18269.0,26924.59,1242.0
2010-03-06,0.0,0.0,0.0
2010-03-07,10992.0,19538.57,1773.0
2010-03-08,15568.0,35827.13,1917.0
2010-03-09,12350.0,21592.54,1149.0
2010-03-10,17970.0,26644.78,1560.0
2010-03-11,14205.0,24085.54,1283.0
2010-03-12,11041.0,21302.59,903.0
2010-03-13,0.0,0.0,0.0
2010-03-14,4925.0,9008.8,665.0
2010-03-15,15085.0,26601.07,1643.0
2010-03-16,12925.0,23612.2,1294.0
2010-03-17,78821.0,30564.76,1266.0
2010-03-18,23649.0,40099.12,1567.0
2010-03-19,13386.0,23522.48,1347.0
2010-03-20,0.0,0.0,0.0
2010-03-21,12413.0,20779.78,1366.0
2010-03-22,12794.0,24961.6,1472.0
2010-03-23,54470.0,32372.61,1289.0
2010-03-24,14354.0,28236.170000000002,1469.0
2010-03-25,17165.0,32085.52,1844.0
2010-03-26,20907.0,32136.73,1347.0
2010-03-27,0.0,0.0,0.0
2010-03-28,14561.0,22508.670000000002,1829.0
2010-03-29,25194.0,59029.18,1933.0
2010-03-30,19289.0,37871.909999999996,1812.0
2010-03-31,13688.0,29069.68,1866.0
2010-04-01,17207.0,30097.88,1668.0
2010-04-02,0.0,0.0,0.0
2010-04-03,0.0,0.0,0.0
2010-04-04,0.0,0.0,0.0
2010-04-05,0.0,0.0,0.0
2010-04-06,13051.0,19448.17,1085.0
2010-04-07,23541.0,34506.28,1366.0
2010-04-08,26794.0,47470.1,1992.0
2010-04-09,9100.0,16313.960000000001,892.0
2010-04-10,0.0,0.0,0.0
2010-04-11,11702.0,19824.32,1107.0
2010-04-12,12855.0,26848.71,941.0
2010-04-13,14491.0,25871.56,1239.0
2010-04-14,16356.0,26994.91,1085.0
2010-04-15,10768.0,19283.56,1126.0
2010-04-16,14882.0,19400.85,851.0
2010-04-17,0.0,0.0,0.0
2010-04-18,13029.0,24016.88,1448.0
2010-04-19,19363.0,43448.69,3089.0
2010-04-20,13525.0,24422.53,1513.0
2010-04-21,13301.0,27308.45,1298.0
2010-04-22,21566.0,37106.6,1403.0
2010-04-23,10274.0,16387.08,1130.0
2010-04-24,0.0,0.0,0.0
2010-04-25,8433.0,16688.67,1316.0
2010-04-26,19569.0,34931.28,1909.0
2010-04-27,23554.0,46141.11,1636.0
2010-04-28,19466.0,32121.74,1768.0
2010-04-29,17041.0,32452.37,2011.0
2010-04-30,17681.0,27800.37,1194.0
2010-05-01,0.0,0.0,0.0
2010-05-02,6304.0,12316.83,838.0
2010-05-03,0.0,0.0,0.0
2010-05-04,11235.0,21598.32,1383.0
2010-05-05,15609.0,27274.22,1494.0
2010-05-06,31163.0,53007.72,2044.0
2010-05-07,23174.0,35490.3,1327.0
2010-05-08,0.0,0.0,0.0
2010-05-09,11910.0,23109.05,1743.0
2010-05-10,15731.0,31661.65,1563.0
2010-05-11,18194.0,28326.79,1663.0
2010-05-12,21674.0,31028.57,1232.0
2010-05-13,26783.0,40424.94,1321.0
2010-05-14,14355.0,18724.1,797.0
2010-05-15,0.0,0.0,0.0
2010-05-16,11039.0,18465.49,1494.0
2010-05-17,13832.0,25133.38,1360.0
2010-05-18,22554.0,28534.18,1480.0
2010-05-19,9686.0,17681.0,1176.0
2010-05-20,15637.0,25638.63,1587.0
2010-05-21,10091.0,26617.64,1270.0
2010-05-22,0.0,0.0,0.0
2010-05-23,14030.0,25247.97,1323.0
2010-05-24,32784.0,35487.09,1394.0
2010-05-25,15052.0,21943.72,1363.0
2010-05-26,18903.0,34782.33,1777.0
2010-05-27,18004.0,30757.32,2018.0
2010-05-28,12758.0,21561.44,1193.0
2010-05-29,0.0,0.0,0.0
2010-05-30,6271.0,10814.96,795.0
2010-05-31,0.0,0.0,0.0
2010-06-01,8346.0,15644.23,1204.0
2010-06-02,11816.0,16056.93,947.0
2010-06-03,17627.0,29507.06,1626.0
2010-06-04,8151.0,20314.65,1354.0
2010-06-05,0.0,0.0,0.0
2010-06-06,14183.0,25629.5,2206.0
2010-06-07,29617.0,49159.8,2601.0
2010-06-08,25873.0,51494.03,2029.0
2010-06-09,25487.0,38211.54,1419.0
2010-06-10,9729.0,18026.02,999.0
2010-06-11,21452.0,32843.159999999996,1729.0
2010-06-12,0.0,0.0,0.0
2010-06-13,11178.0,21580.44,1452.0
2010-06-14,16099.0,23828.6,1581.0
2010-06-15,19503.0,30083.04,1518.0
2010-06-16,19016.0,31010.06,1817.0
2010-06-17,13303.0,23983.88,1750.0
2010-06-18,9570.0,18404.670000000002,947.0
2010-06-19,0.0,0.0,0.0
2010-06-20,4492.0,9041.43,438.0
2010-06-21,12134.0,21062.44,1769.0
2010-06-22,6958.0,14277.27,992.0
2010-06-23,16222.0,27579.37,1213.0
2010-06-24,11321.0,23813.88,1462.0
2010-06-25,7993.0,16974.93,1193.0
2010-06-26,0.0,0.0,0.0
2010-06-27,10918.0,18834.32,1254.0
2010-06-28,34766.0,53414.87,1819.0
2010-06-29,21208.0,34269.2,1576.0
2010-06-30,21051.0,34126.98,1810.0
2010-07-01,16514.0,29902.98,1801.0
2010-07-02,8731.0,16608.67,1034.0
2010-07-03,0.0,0.0,0.0
2010-07-04,5345.0,10493.66,679.0
2010-07-05,16697.0,32583.97,1879.0
2010-07-06,11950.0,23105.88,1091.0
2010-07-07,14687.0,31008.37,1701.0
2010-07-08,11763.0,19371.61,1305.0
2010-07-09,14069.0,36931.450000000004,878.0
2010-07-10,0.0,0.0,0.0
2010-07-11,5848.0,7856.43,706.0
2010-07-12,9789.0,19436.49,1192.0
2010-07-13,10070.0,20556.37,1137.0
2010-07-14,13415.0,23371.12,1355.0
2010-07-15,27926.0,56355.92,1562.0
2010-07-16,14311.0,22360.8,1123.0
2010-07-17,0.0,0.0,0.0
2010-07-18,9673.0,15008.16,880.0
2010-07-19,18536.0,30188.69,1427.0
2010-07-20,12116.0,24599.84,1156.0
2010-07-21,13189.0,21803.13,1217.0
2010-07-22,13958.0,25787.67,1566.0
2010-07-23,13333.0,25372.04,1027.0
2010-07-24,0.0,0.0,0.0
2010-07-25,11637.0,17190.91,1259.0
2010-07-26,15062.0,23824.2,1463.0
2010-07-27,14320.0,28212.87,1026.0
2010-07-28,13387.0,23290.32,1310.0
2010-07-29,13806.0,33833.67,1825.0
2010-07-30,8441.0,15830.96,728.0
2010-07-31,0.0,0.0,0.0
2010-08-01,9712.0,30519.04,870.0
2010-08-02,12109.0,27106.63,1137.0
2010-08-03,16325.0,25171.93,1483.0
2010-08-04,11748.0,20343.38,1378.0
2010-08-05,16878.0,24351.76,1322.0
2010-08-06,9922.0,15106.71,557.0
2010-08-07,0.0,0.0,0.0
2010-08-08,8189.0,14147.14,897.0
2010-08-09,100226.0,31482.09,876.0
2010-08-10,20067.0,34731.7,1730.0
2010-08-11,8216.0,20409.85,1014.0
2010-08-12,18276.0,28538.52,1757.0
2010-08-13,18220.0,36832.03,1454.0
2010-08-14,0.0,0.0,0.0
2010-08-15,17405.0,22058.69,1066.0
2010-08-16,11087.0,20277.06,1005.0
2010-08-17,18405.0,30184.86,927.0
2010-08-18,22888.0,36910.76,1615.0
2010-08-19,22559.0,32302.41,1511.0
2010-08-20,18972.0,24831.19,1276.0
2010-08-21,0.0,0.0,0.0
2010-08-22,13911.0,22685.81,1363.0
2010-08-23,13256.0,21754.25,1155.0
2010-08-24,19096.0,27295.25,1131.0
2010-08-25,17596.0,31370.78,1604.0
2010-08-26,17624.0,34713.37,1645.0
2010-08-27,7323.0,15090.14,994.0
2010-08-28,0.0,0.0,0.0
2010-08-29,8786.0,14487.43,809.0
2010-08-30,0.0,0.0,0.0
2010-08-31,14174.0,33357.09,1740.0
2010-09-01,12911.0,22877.77,973.0
2010-09-02,21966.0,34607.32,1596.0
2010-09-03,31225.0,36952.89,1021.0
2010-09-04,0.0,0.0,0.0
2010-09-05,7266.0,12283.75,809.0
2010-09-06,16202.0,28053.61,1558.0
2010-09-07,15741.0,27186.05,1135.0
2010-09-08,10236.0,17300.94,1078.0
2010-09-09,13249.0,24530.12,1599.0
2010-09-10,10421.0,17382.84,988.0
2010-09-11,0.0,0.0,0.0
2010-09-12,9404.0,15754.04,1324.0
2010-09-13,28457.0,37382.02,1951.0
2010-09-14,11396.0,20729.01,1276.0
2010-09-15,21477.0,34414.32,1379.0
2010-09-16,14441.0,26822.39,1600.0
2010-09-17,11853.0,20754.18,1101.0
2010-09-18,0.0,0.0,0.0
2010-09-19,13797.0,23081.14,1978.0
2010-09-20,25082.0,41821.8,1798.0
2010-09-21,37209.0,62637.19,2375.0
2010-09-22,14602.0,29660.21,1457.0
2010-09-23,21402.0,35984.62,1979.0
2010-09-24,28047.0,48223.53,1534.0
2010-09-25,0.0,0.0,0.0
2010-09-26,13498.0,21855.72,1450.0
2010-09-27,125513.0,102496.25,2251.0
2010-09-28,23697.0,45694.78,2724.0
2010-09-29,20801.0,37502.87,1859.0
2010-09-30,24957.0,45870.3,2096.0
2010-10-01,22221.0,37033.22,1688.0
2010-10-02,0.0,0.0,0.0
2010-10-03,20445.0,38704.35,2263.0
2010-10-04,23560.0,38429.42,2080.0
2010-10-05,34863.0,54521.97,2637.0
2010-10-06,21939.0,30576.6,1282.0
2010-10-07,30114.0,52342.62,3547.0
2010-10-08,41451.0,59171.44,1969.0
2010-10-09,0.0,0.0,0.0
2010-10-10,12429.0,23005.98,1716.0
2010-10-11,24936.0,42818.17,2439.0
2010-10-12,29537.0,49253.66,2416.0
2010-10-13,40353.0,52916.5,2158.0
2010-10-14,37176.0,87023.62,2002.0
2010-10-15,22376.0,43745.68,2264.0
2010-10-16,0.0,0.0,0.0
2010-10-17,19097.0,33355.46,2715.0
2010-10-18,19762.0,40578.74,2728.0
2010-10-19,27243.0,49392.13,2246.0
2010-10-20,24154.0,45016.91,2430.0
2010-10-21,17944.0,38720.22,2127.0
2010-10-22,23151.0,39450.01,2102.0
2010-10-23,0.0,0.0,0.0
2010-10-24,15587.0,28748.35,2381.0
2010-10-25,14508.0,29020.96,1879.0
2010-10-26,26011.0,45327.56,2485.0
2010-10-27,16220.0,32138.38,1818.0
2010-10-28,14358.0,29559.54,1565.0
2010-10-29,25596.0,46783.18,1924.0
2010-10-30,0.0,0.0,0.0
2010-10-31,16561.0,30304.7,2680.0
2010-11-01,14119.0,27065.43,2138.0
2010-11-02,24231.0,44434.24,2215.0
2010-11-03,23663.0,44774.05,2023.0
2010-11-04,60554.0,89297.13,3617.0
2010-11-05,22453.0,45887.6,1908.0
2010-11-06,0.0,0.0,0.0
2010-11-07,18679.0,31900.55,2804.0
2010-11-08,32416.0,83320.02,2573.0
2010-11-09,35488.0,65355.02,2816.0
2010-11-10,35294.0,79459.77,3591.0
2010-11-11,34429.0,63439.94,3201.0
2010-11-12,23222.0,49105.72,3034.0
2010-11-13,0.0,0.0,0.0
2010-11-14,17600.0,29424.88,2907.0
2010-11-15,38065.0,103610.93000000001,3719.0
2010-11-16,39367.0,71111.44,3269.0
2010-11-17,28674.0,50781.74,2829.0
2010-11-18,21422.0,44124.64,2868.0
2010-11-19,25378.0,46042.8,2485.0
2010-11-20,0.0,0.0,0.0
2010-11-21,18160.0,32112.85,3237.0
2010-11-22,19782.0,41732.77,3242.0
2010-11-23,26938.0,57314.64,3571.0
2010-11-24,28873.0,60531.98,3334.0
2010-11-25,38121.0,71614.28,3471.0
2010-11-26,17465.0,39170.24,2576.0
2010-11-27,0.0,0.0,0.0
2010-11-28,16540.0,27150.760000000002,2578.0
2010-11-29,40075.0,77218.51,3903.0
2010-11-30,26506.0,59550.88,2277.0
2010-12-01,26909.0,57626.33,3064.0
2010-12-02,31327.0,47715.38,2061.0
2010-12-03,16177.0,44833.98,2140.0
2010-12-04,0.0,0.0,0.0
2010-12-05,16371.0,31318.99,2696.0
2010-12-06,21768.0,51873.43,3805.0
2010-12-07,25200.0,81519.34,2851.0
2010-12-08,23066.0,44308.6,2558.0
2010-12-09,19895.0,50014.38,2757.0
2010-12-10,21063.0,56847.52,2675.0
2010-12-11,0.0,0.0,0.0
2010-12-12,10603.0,17329.07,1439.0
2010-12-13,17719.0,36639.01,2259.0
2010-12-14,20271.0,44414.28,1996.0
2010-12-15,18444.0,30427.81,1305.0
2010-12-16,29935.0,49106.9,1748.0
2010-12-17,16892.0,41268.35,3084.0
2010-12-18,0.0,0.0,0.0
2010-12-19,3794.0,7412.91,516.0
2010-12-20,14920.0,25471.41,1661.0
2010-12-21,15587.0,43654.89,1537.0
2010-12-22,3076.0,4856.57,220.0
2010-12-23,5726.0,11226.49,938.0
2010-12-24,0.0,0.0,0.0
2010-12-25,0.0,0.0,0.0
2010-12-26,0.0,0.0,0.0
2010-12-27,0.0,0.0,0.0
2010-12-28,0.0,0.0,0.0
2010-12-29,0.0,0.0,0.0
2010-12-30,0.0,0.0,0.0
2010-12-31,0.0,0.0,0.0
2011-01-01,0.0,0.0,0.0
2011-01-02,0.0,0.0,0.0
2011-01-03,0.0,0.0,0.0
2011-01-04,8626.0,15345.23,1152.0
2011-01-05,19757.0,31923.170000000002,1657.0
2011-01-06,23121.0,39984.85,1761.0
2011-01-07,17131.0,27661.670000000002,1757.0
2011-01-08,0.0,0.0,0.0
2011-01-09,8196.0,15588.2,1095.0
2011-01-10,12853.0,23321.29,1944.0
2011-01-11,28429.0,67882.01,1387.0
2011-01-12,10604.0,23447.75,1777.0
2011-01-13,10159.0,19593.5,1428.0
2011-01-14,23125.0,46177.28,1479.0
2011-01-15,0.0,0.0,0.0
2011-01-16,4202.0,7239.56,641.0
2011-01-17,13380.0,27816.98,2545.0
2011-01-18,82935.0,94394.85,1415.0
2011-01-19,17368.0,25150.399999999998,1401.0
2011-01-20,10477.0,20435.0,1471.0
2011-01-21,15296.0,31547.95,1525.0
2011-01-22,0.0,0.0,0.0
2011-01-23,5235.0,10292.25,859.0
2011-01-24,12008.0,24536.170000000002,1459.0
2011-01-25,15599.0,28231.57,1592.0
2011-01-26,10955.0,19207.54,1250.0
2011-01-27,11306.0,23386.51,1487.0
2011-01-28,9841.0,19644.97,889.0
2011-01-29,0.0,0.0,0.0
2011-01-30,3431.0,6615.75,714.0
2011-01-31,13388.0,22490.49,1461.0
2011-02-01,15822.0,28530.63,1519.0
2011-02-02,9718.0,20209.87,1387.0
2011-02-03,15699.0,22941.3,971.0
2011-02-04,12689.0,23862.57,1194.0
2011-02-05,0.0,0.0,0.0
2011-02-06,2048.0,3457.11,279.0
2011-02-07,9137.0,25540.5,1225.0
2011-02-08,10112.0,19914.45,1191.0
2011-02-09,7125.0,15531.28,867.0
2011-02-10,11889.0,14633.54,718.0
2011-02-11,10521.0,22411.41,864.0
2011-02-12,0.0,0.0,0.0
2011-02-13,2756.0,5713.63,609.0
2011-02-14,13585.0,26237.08,1081.0
2011-02-15,22686.0,39568.12,1308.0
2011-02-16,16148.0,24673.61,1181.0
2011-02-17,14405.0,24733.53,1698.0
2011-02-18,9171.0,15851.73,812.0
2011-02-19,0.0,0.0,0.0
2011-02-20,5349.0,9621.289999999999,858.0
2011-02-21,21567.0,35340.85,1367.0
2011-02-22,21875.0,32174.67,1565.0
2011-02-23,13749.0,25807.31,1561.0
2011-02-24,11894.0,22579.93,1268.0
2011-02-25,10560.0,20129.11,963.0
2011-02-26,0.0,0.0,0.0
2011-02-27,4869.0,9508.5,809.0
2011-02-28,9869.0,19897.73,1666.0
2011-03-01,12125.0,24339.82,1342.0
2011-03-02,8617.0,18690.79,891.0
2011-03-03,20114.0,35765.17,1329.0
2011-03-04,13562.0,19103.47,1092.0
2011-03-05,0.0,0.0,0.0
2011-03-06,5049.0,10005.37,822.0
2011-03-07,14007.0,31063.24,1893.0
2011-03-08,14553.0,24595.03,1576.0
2011-03-09,11900.0,21709.56,1237.0
2011-03-10,15578.0,25904.7,1075.0
2011-03-11,10511.0,21763.47,934.0
2011-03-12,0.0,0.0,0.0
2011-03-13,2722.0,4100.04,531.0
2011-03-14,16754.0,25777.7,1085.0
2011-03-15,8948.0,19754.02,1267.0
2011-03-16,12917.0,21602.72,856.0
2011-03-17,20985.0,38472.27,2008.0
2011-03-18,13957.0,26726.0,1299.0
2011-03-19,0.0,0.0,0.0
2011-03-20,14185.0,21616.65,1437.0
2011-03-21,10309.0,16685.52,1039.0
2011-03-22,16518.0,29699.88,2328.0
2011-03-23,14361.0,23041.71,1277.0
2011-03-24,18223.0,36231.14,1538.0
2011-03-25,14054.0,30273.37,1329.0
2011-03-26,0.0,0.0,0.0
2011-03-27,4527.0,9190.4,713.0
2011-03-28,12240.0,21991.57,1620.0
2011-03-29,32793.0,69118.51,1931.0
2011-03-30,20690.0,30983.92,1525.0
2011-03-31,16872.0,32926.55,1626.0
2011-04-01,18478.0,24909.45,1215.0
2011-04-02,0.0,0.0,0.0
2011-04-03,5679.0,6943.15,725.0
2011-04-04,13995.0,26202.63,1643.0
2011-04-05,15992.0,28783.19,1132.0
2011-04-06,9169.0,17175.15,1069.0
2011-04-07,10534.0,18088.62,1494.0
2011-04-08,13004.0,22934.63,1362.0
2011-04-09,0.0,0.0,0.0
2011-04-10,5629.0,9868.98,932.0
2011-04-11,13628.0,22039.82,1215.0
2011-04-12,15338.0,25225.48,1109.0
2011-04-13,18761.0,24429.53,1018.0
2011-04-14,18860.0,35732.07,1540.0
2011-04-15,12707.0,26160.99,1462.0
2011-04-16,0.0,0.0,0.0
2011-04-17,8180.0,12639.5,964.0
2011-04-18,29808.0,55034.57,3117.0
2011-04-19,14454.0,23162.74,1848.0
2011-04-20,18370.0,28562.47,988.0
2011-04-21,18202.0,31655.69,1885.0
2011-04-22,0.0,0.0,0.0
2011-04-23,0.0,0.0,0.0
2011-04-24,0.0,0.0,0.0
2011-04-25,0.0,0.0,0.0
2011-04-26,16139.0,29547.83,1852.0
2011-04-27,18186.0,25395.05,1259.0
2011-04-28,13396.0,21703.37,1124.0
2011-04-29,0.0,0.0,0.0
2011-04-30,0.0,0.0,0.0
2011-05-01,3811.0,6829.66,447.0
2011-05-02,0.0,0.0,0.0
2011-05-03,12452.0,26572.22,1361.0
2011-05-04,17371.0,27212.15,1140.0
2011-05-05,17460.0,28804.12,1786.0
2011-05-06,19927.0,35640.38,1998.0
2011-05-07,0.0,0.0,0.0
2011-05-08,10695.0,18758.4,1498.0
2011-05-09,13347.0,26971.21,1743.0
2011-05-10,19772.0,44077.15,2506.0
2011-05-11,18901.0,33331.56,1657.0
2011-05-12,37804.0,60288.34,1917.0
2011-05-13,15238.0,30471.76,1414.0
2011-05-14,0.0,0.0,0.0
2011-05-15,4894.0,9852.98,806.0
2011-05-16,16009.0,39187.58,1576.0
2011-05-17,26792.0,52761.7,1789.0
2011-05-18,19045.0,34030.64,1336.0
2011-05-19,18126.0,34543.61,1877.0
2011-05-20,15400.0,26301.9,1099.0
2011-05-21,0.0,0.0,0.0
2011-05-22,12734.0,23961.09,1549.0
2011-05-23,18200.0,30663.46,1550.0
2011-05-24,15930.0,37016.96,1693.0
2011-05-25,13157.0,23941.35,1286.0
2011-05-26,16251.0,33083.78,938.0
2011-05-27,16201.0,27636.26,1122.0
2011-05-28,0.0,0.0,0.0
2011-05-29,4120.0,7322.3,629.0
2011-05-30,0.0,0.0,0.0
2011-05-31,11741.0,21893.2,1258.0
2011-06-01,10980.0,19890.74,1411.0
2011-06-02,14587.0,31869.25,1529.0
2011-06-03,7686.0,16670.8,843.0
2011-06-04,0.0,0.0,0.0
2011-06-05,13468.0,25072.54,1548.0
2011-06-06,9437.0,17354.5,1169.0
2011-06-07,18759.0,37283.27,1884.0
2011-06-08,21255.0,40800.34,2276.0
2011-06-09,28268.0,45301.87,1803.0
2011-06-10,10656.0,61626.23,1011.0
2011-06-11,0.0,0.0,0.0
2011-06-12,9486.0,12427.06,1066.0
2011-06-13,11263.0,21514.08,1389.0
2011-06-14,14621.0,40042.17,1571.0
2011-06-15,30446.0,48129.29,1660.0
2011-06-16,20277.0,33920.67,1495.0
2011-06-17,11750.0,20930.170000000002,936.0
2011-06-18,0.0,0.0,0.0
2011-06-19,15076.0,22290.18,1153.0
2011-06-20,16569.0,32617.61,1956.0
2011-06-21,14183.0,24140.62,1443.0
2011-06-22,15828.0,20890.98,1000.0
2011-06-23,14715.0,24651.98,1938.0
2011-06-24,9971.0,18359.94,1015.0
2011-06-25,0.0,0.0,0.0
2011-06-26,3782.0,6934.49,665.0
2011-06-27,9903.0,16210.74,1148.0
2011-06-28,21846.0,34260.63,951.0
2011-06-29,12066.0,21220.06,1311.0
2011-06-30,21948.0,44341.66,1602.0
2011-07-01,7651.0,13033.78,964.0
2011-07-02,0.0,0.0,0.0
2011-07-03,3117.0,6032.39,598.0
2011-07-04,15696.0,42728.45,2171.0
2011-07-05,22081.0,38773.5,2160.0
2011-07-06,19159.0,25688.67,1787.0
2011-07-07,19144.0,31638.79,1886.0
2011-07-08,12690.0,25473.73,1556.0
2011-07-09,0.0,0.0,0.0
2011-07-10,4251.0,5987.57,812.0
2011-07-11,15134.0,22119.09,1481.0
2011-07-12,13943.0,25187.56,1634.0
2011-07-13,16268.0,21795.72,1602.0
2011-07-14,17564.0,32867.88,1655.0
2011-07-15,7307.0,13683.27,1107.0
2011-07-16,0.0,0.0,0.0
2011-07-17,11041.0,17140.56,1244.0
2011-07-18,15091.0,28183.87,2132.0
2011-07-19,29153.0,49703.04,1565.0
2011-07-20,17723.0,31695.89,1984.0
2011-07-21,19955.0,31851.010000000002,1480.0
2011-07-22,10270.0,19576.16,1277.0
2011-07-23,0.0,0.0,0.0
2011-07-24,17664.0,27006.56,1113.0
2011-07-25,16065.0,25374.69,1922.0
2011-07-26,13708.0,21263.27,1219.0
2011-07-27,13958.0,25108.68,1215.0
2011-07-28,30258.0,55737.24,1496.0
2011-07-29,11609.0,18550.74,1116.0
2011-07-30,0.0,0.0,0.0
2011-07-31,20829.0,33087.75,1264.0
2011-08-01,11713.0,20887.98,1185.0
2011-08-02,15706.0,26116.55,1325.0
2011-08-03,16511.0,27845.08,1516.0
2011-08-04,41124.0,64698.64,1771.0
2011-08-05,12796.0,21009.37,1435.0
2011-08-06,0.0,0.0,0.0
2011-08-07,5186.0,7578.91,529.0
2011-08-08,13341.0,22813.17,1449.0
2011-08-09,16257.0,27346.11,1083.0
2011-08-10,14405.0,28027.1,1353.0
2011-08-11,39243.0,65035.52,1924.0
2011-08-12,11965.0,20454.26,1101.0
2011-08-13,0.0,0.0,0.0
2011-08-14,3180.0,5718.57,538.0
2011-08-15,10174.0,17085.97,914.0
2011-08-16,11192.0,19146.21,1014.0
2011-08-17,25678.0,52081.76,1643.0
2011-08-18,34080.0,53976.53,1481.0
2011-08-19,10649.0,16914.59,803.0
2011-08-20,0.0,0.0,0.0
2011-08-21,8162.0,14386.86,1060.0
2011-08-22,15546.0,29449.46,1264.0
2011-08-23,15168.0,25588.68,1428.0
2011-08-24,29485.0,47436.26,1809.0
2011-08-25,13316.0,22761.21,1249.0
2011-08-26,17137.0,25336.34,911.0
2011-08-27,0.0,0.0,0.0
2011-08-28,6774.0,10805.03,1196.0
2011-08-29,0.0,0.0,0.0
2011-08-30,10222.0,29211.29,3195.0
2011-08-31,12429.0,23782.31,1148.0
2011-09-01,27717.0,36752.36,1394.0
2011-09-02,18462.0,40077.82,2313.0
2011-09-03,0.0,0.0,0.0
2011-09-04,10954.0,16957.59,1329.0
2011-09-05,22873.0,36535.14,1557.0
2011-09-06,15078.0,28026.91,1117.0
2011-09-07,16375.0,31781.4,2068.0
2011-09-08,17453.0,26749.09,1741.0
2011-09-09,17389.0,29651.72,1552.0
2011-09-10,0.0,0.0,0.0
2011-09-11,21131.0,35209.67,2022.0
2011-09-12,16938.0,29510.0,1632.0
2011-09-13,36529.0,54117.24,2414.0
2011-09-14,14185.0,23361.79,1329.0
2011-09-15,29295.0,74593.47,2140.0
2011-09-16,15043.0,26986.22,1434.0
2011-09-17,0.0,0.0,0.0
2011-09-18,8993.0,15744.08,1271.0
2011-09-19,29236.0,46049.93,1372.0
2011-09-20,43590.0,108422.47,1700.0
2011-09-21,22303.0,45926.58,3009.0
2011-09-22,33142.0,58576.55,2655.0
2011-09-23,21851.0,39040.95,2574.0
2011-09-24,0.0,0.0,0.0
2011-09-25,19496.0,31174.66,1975.0
2011-09-26,15315.0,28516.09,1521.0
2011-09-27,21251.0,35169.14,1838.0
2011-09-28,25351.0,42494.35,2818.0
2011-09-29,27457.0,45895.84,2450.0
2011-09-30,22538.0,43147.72,1830.0
2011-10-01,0.0,0.0,0.0
2011-10-02,8385.0,11634.53,1426.0
2011-10-03,25963.0,61919.16,2258.0
2011-10-04,25377.0,47705.79,2750.0
2011-10-05,46265.0,74819.26,2379.0
2011-10-06,35388.0,61928.58,2913.0
2011-10-07,30938.0,52953.57,2343.0
2011-10-08,0.0,0.0,0.0
2011-10-09,7556.0,12524.4,1261.0
2011-10-10,26151.0,46300.22,3145.0
2011-10-11,28455.0,51840.090000000004,2403.0
2011-10-12,17637.0,30839.05,2009.0
2011-10-13,18745.0,35901.8,2288.0
2011-10-14,18139.0,35115.48,1765.0
2011-10-15,0.0,0.0,0.0
2011-10-16,8769.0,22010.57,1246.0
2011-10-17,31377.0,49433.34,2889.0
2011-10-18,29303.0,44415.02,2845.0
2011-10-19,19229.0,35034.92,2256.0
2011-10-20,40904.0,60837.29,2304.0
2011-10-21,24780.0,63031.64,1382.0
2011-10-22,0.0,0.0,0.0
2011-10-23,7071.0,12288.78,1722.0
2011-10-24,25437.0,44956.16,2826.0
2011-10-25,26578.0,40009.54,2443.0
2011-10-26,20796.0,36308.8,1899.0
2011-10-27,32878.0,48230.71,2466.0
2011-10-28,24042.0,39956.39,1602.0
2011-10-29,0.0,0.0,0.0
2011-10-30,20021.0,34104.69,2893.0
2011-10-31,21544.0,52566.75,3354.0
2011-11-01,16581.0,28873.15,1729.0
2011-11-02,28561.0,45066.67,2575.0
2011-11-03,33532.0,62726.98,2368.0
2011-11-04,35311.0,62182.39,2898.0
2011-11-05,0.0,0.0,0.0
2011-11-06,23275.0,42586.6,3419.0
2011-11-07,31363.0,84326.52,2038.0
2011-11-08,26407.0,54761.14,3966.0
2011-11-09,37057.0,65112.73,2684.0
2011-11-10,38171.0,68733.78,3182.0
2011-11-11,29019.0,52962.74,4048.0
2011-11-12,0.0,0.0,0.0
2011-11-13,20838.0,32858.46,2991.0
2011-11-14,47327.0,111531.1,3507.0
2011-11-15,30359.0,58371.65,3384.0
2011-11-16,33075.0,62540.64,4126.0
2011-11-17,31634.0,58923.47,3555.0
2011-11-18,23955.0,49758.18,2802.0
2011-11-19,0.0,0.0,0.0
2011-11-20,19405.0,33607.82,3311.0
2011-11-21,25759.0,48669.88,2875.0
2011-11-22,33773.0,62175.14,3879.0
2011-11-23,39405.0,76241.63,3552.0
2011-11-24,26476.0,48957.02,3679.0
2011-11-25,18971.0,47041.85,3077.0
2011-11-26,0.0,0.0,0.0
2011-11-27,11151.0,20604.8,2529.0
2011-11-28,29443.0,54628.89,3296.0
2011-11-29,30877.0,68309.52,4279.0
2011-11-30,28356.0,56189.49,3342.0
2011-12-01,27025.0,50730.48,2801.0
2011-12-02,28778.0,56104.76,2817.0
2011-12-03,0.0,0.0,0.0
2011-12-04,12397.0,24387.43,2025.0
2011-12-05,43755.0,80132.35,5281.0
2011-12-06,30437.0,55411.69,3249.0
2011-12-07,41857.0,72922.7,2381.0
2011-12-08,35065.0,77686.31,4858.0
