month_start,covered_calendar_days,complete_month,positive_units,positive_sales_gbp,previous_month,previous_complete,previous_value,comparable_monthly_growth_pct
2009-12-01,31,True,426709.0,800939.8300000001,,,,
2010-01-01,31,True,391261.0,613824.5900000001,2009-12-01,True,800939.8300000001,-23.361959661813795
2010-02-01,28,True,382521.0,539728.5499999999,2010-01-01,True,613824.5900000001,-12.071207508972577
2010-03-01,31,True,526349.0,764293.4900000002,2010-02-01,True,539728.5499999999,41.60701523015604
2010-04-01,30,True,367549.0,648886.07,2010-03-01,True,764293.4900000002,-15.099882638016483
2010-05-01,31,True,396773.0,645627.6399999998,2010-04-01,True,648886.07,-0.5021574896807645
2010-06-01,30,True,408013.0,699172.2999999998,2010-05-01,True,645627.6399999998,8.2934274623063
2010-07-01,31,True,338573.0,634886.1799999998,2010-06-01,True,699172.2999999998,-9.194603390323103
2010-08-01,31,True,472970.0,676059.8700000001,2010-07-01,True,634886.1799999998,6.485208104545653
2010-09-01,30,True,584850.0,871859.66,2010-08-01,True,676059.8700000001,28.961900963001973
2010-10-01,31,True,621592.0,1097939.3699999999,2010-09-01,True,871859.66,25.930745551411317
2010-11-01,30,True,727514.0,1435532.8099999998,2010-10-01,True,1097939.3699999999,30.74791279230655
2010-12-01,31,True,358743.0,777865.64,2010-11-01,True,1435532.8099999998,-45.81345444831734
2011-01-01,31,True,387422.0,671914.94,2010-12-01,True,777865.64,-13.620694185695113
2011-02-01,28,True,283243.0,508869.7499999999,2011-01-01,True,671914.94,-24.265748578235225
2011-03-01,31,True,377071.0,691132.5900000002,2011-02-01,True,508869.7499999999,35.817188976157524
2011-04-01,30,True,308509.0,516194.91,2011-03-01,True,691132.5900000002,-25.311739387083477
2011-05-01,31,True,395378.0,741153.7599999999,2011-04-01,True,516194.91,43.58021469060978
2011-06-01,30,True,388826.0,738751.8699999999,2011-05-01,True,741153.7599999999,-0.3240744538623152
2011-07-01,31,True,401329.0,689289.86,2011-06-01,True,738751.8699999999,-6.695348195869866
2011-08-01,31,True,421439.0,725493.7600000001,2011-07-01,True,689289.86,5.252347684325451
2011-09-01,30,True,569945.0,1030468.7799999998,2011-08-01,True,725493.7600000001,42.03689084796534
2011-10-01,31,True,621728.0,1106666.5300000003,2011-09-01,True,1030468.7799999998,7.394474386696167
2011-11-01,30,True,750081.0,1457742.24,2011-10-01,True,1106666.5300000003,31.723712652627132
2011-12-01,8,False,219314.0,417375.72000000003,2011-11-01,True,1457742.24,
